START TRANSACTION;

CREATE TABLE IF NOT EXISTS `vehicle_brand` (
  `vehicle_brand_id` bigint(20) NOT NULL AUTO_INCREMENT,
  `vehicle_brand_name` varchar(255) NOT NULL,
  PRIMARY KEY (`vehicle_brand_id`)
) ENGINE=InnoDB  DEFAULT CHARSET=utf8 AUTO_INCREMENT=172 ;

--
-- Extraindo dados da tabela `vehicle_brand`
--

INSERT INTO `vehicle_brand` (`vehicle_brand_id`, `vehicle_brand_name`) VALUES
(1, 'AGRALE'),
(2, 'ASIA'),
(3, 'BABYBUGGY'),
(4, 'BMW'),
(5, 'BRAMONT'),
(6, 'BRM'),
(7, 'BUGGY'),
(8, 'CADILLAC'),
(9, 'CBT'),
(10, 'CHANA'),
(11, 'CHRYSLER'),
(12, 'CITROEN'),
(13, 'CROSS LANDER'),
(14, 'DAIHATSU'),
(15, 'DODGE'),
(16, 'EFFA'),
(17, 'FIBRAVAN'),
(18, 'GMC'),
(19, 'GREAT WALL'),
(20, 'GURGEL'),
(21, 'HAFEI'),
(22, 'HONDA'),
(23, 'HYUNDAI'),
(24, 'ISUZU'),
(25, 'IVECO-FIAT'),
(26, 'JEEP'),
(27, 'JINBEI'),
(28, 'JPX'),
(29, 'KIA'),
(30, 'LADA'),
(31, 'LAND ROVER'),
(32, 'LEXUS'),
(33, 'LINCOLN'),
(34, 'MAHINDRA-BRAMONT'),
(35, 'MATRA'),
(36, 'MAZDA'),
(37, 'MERCEDES-BENZ'),
(38, 'MITSUBISHI'),
(39, 'MIURA'),
(40, 'NISSAN'),
(41, 'PEUGEOT'),
(42, 'PORSCHE'),
(43, 'RENAULT'),
(44, 'SEAT'),
(45, 'SELVAGEM'),
(46, 'SSANGYONG'),
(47, 'SUBARU'),
(48, 'SUZUKI'),
(49, 'TOYOTA'),
(50, 'TROLLER'),
(51, 'VOLVO'),
(52, 'WALK'),
(53, 'MINI'),
(54, 'PONTIAC'),
(55, 'SATURN'),
(56, 'SMART'),
(57, 'BRASCYCLE'),
(58, 'CHEVROLET'),
(59, 'FORD'),
(60, 'INTERNATIONAL'),
(61, 'NAVISTAR'),
(62, 'PUMA-ALFA METAIS'),
(63, 'SAAB-SCANIA'),
(64, 'SCANIA'),
(65, 'SCANIA-VABIS'),
(66, 'VOLKSWAGEN'),
(67, 'DAFRA'),
(68, 'MVK'),
(69, 'FIAT'),
(70, 'MASERATI'),
(71, 'BITREM'),
(72, 'REBOQUE'),
(73, 'RODOTREM'),
(74, 'SEMI-REBOQUE'),
(75, 'KAWASAKI'),
(76, 'BRAVAX'),
(77, 'AMAZONAS'),
(78, 'APRILIA'),
(79, 'ATALA'),
(80, 'BASHAN'),
(81, 'BENELLI'),
(82, 'BIMOTA'),
(83, 'BIRELLI'),
(84, 'BOGUSSI'),
(85, 'BRANDY'),
(86, 'BRAVA'),
(87, 'BRP-BOMBARDIER'),
(88, 'BUELL'),
(89, 'BUENO'),
(90, 'BY CRISTO'),
(91, 'CAGIVA'),
(92, 'CALOI'),
(93, 'CHITUMA'),
(94, 'DAELIM'),
(95, 'DAYANG'),
(96, 'DAYUN'),
(97, 'DUCATI'),
(98, 'EAGLE'),
(99, 'EMME'),
(100, 'FASPIDER'),
(101, 'FOX'),
(102, 'FYM'),
(103, 'GARINI'),
(104, 'GARINNI'),
(105, 'GAS GAS'),
(106, 'GREEN MOTOS'),
(107, 'GUOWEI'),
(108, 'HAOBAO'),
(109, 'HARLEY-DAVIDSON'),
(110, 'HOT SNAKE'),
(111, 'HUSABERG'),
(112, 'HUSQVARNA'),
(113, 'HYOSUNG'),
(114, 'IROS'),
(115, 'JIALING'),
(116, 'JONNY'),
(117, 'JONWAY'),
(118, 'KAHENA'),
(119, 'KASINSKI'),
(120, 'KIN'),
(121, 'KTM'),
(122, 'KZUKI'),
(123, 'L''AQUILA'),
(124, 'LEOPARD'),
(125, 'LIFAN'),
(126, 'LON-V'),
(127, 'MALAGUTI'),
(128, 'MIZA'),
(129, 'MOTO GUZZI'),
(130, 'MOTOR-Z'),
(131, 'MOTOSTAR'),
(132, 'MOTTUS'),
(133, 'MRX'),
(134, 'MUNDIAL'),
(135, 'MV AGUSTA'),
(136, 'OMOTO'),
(137, 'ORCA'),
(138, 'PIAGGIO'),
(139, 'SANYANG'),
(140, 'SAZAKI'),
(141, 'SHANDONG LANDUN'),
(142, 'SHINERAY'),
(143, 'TRIUMPH'),
(144, 'US-1'),
(145, 'VENTO'),
(146, 'VOLCANO'),
(147, 'WINNER'),
(148, 'WUYANG'),
(149, 'XARA'),
(150, 'XINLING'),
(151, 'YIYING'),
(152, 'ZHEJIANG'),
(153, 'ZHONGYU'),
(154, 'MAFERSA'),
(155, 'MARCOPOLO'),
(156, 'SUNDOWN'),
(157, 'TRAXX'),
(158, 'ACURA'),
(159, 'ALFA ROMEO'),
(160, 'ASTON MARTIN'),
(161, 'AUDI'),
(162, 'BENTLEY'),
(163, 'CHAMONIX'),
(164, 'DAEWOO'),
(165, 'FERRARI'),
(166, 'JAGUAR'),
(167, 'LAMBORGHINI'),
(168, 'YAMAHA'),
(169, 'CASA'),
(170, 'TERRENO'),
(171, 'FAZENDA');

-- --------------------------------------------------------


--
-- Estrutura da tabela `vehicle_type`
--

CREATE TABLE IF NOT EXISTS `vehicle_type` (
  `vehicle_type_id` bigint(20) NOT NULL AUTO_INCREMENT,
  `vehicle_type_name` varchar(255) DEFAULT NULL,
  `vehicle_brand_id` bigint(20) DEFAULT NULL,
  PRIMARY KEY (`vehicle_type_id`),
  KEY `Ref_23` (`vehicle_brand_id`)
) ENGINE=InnoDB  DEFAULT CHARSET=utf8 AUTO_INCREMENT=229 ;

--
-- Extraindo dados da tabela `vehicle_type`
--

INSERT INTO `vehicle_type` (`vehicle_type_id`, `vehicle_type_name`, `vehicle_brand_id`) VALUES
(1, 'UTILITÁRIOS', 1),
(2, 'UTILITÁRIOS', 2),
(3, 'UTILITÁRIOS', 3),
(4, 'UTILITÁRIOS', 4),
(5, 'UTILITÁRIOS', 5),
(6, 'UTILITÁRIOS', 6),
(7, 'UTILITÁRIOS', 7),
(8, 'UTILITÁRIOS', 8),
(9, 'UTILITÁRIOS', 9),
(10, 'UTILITÁRIOS', 10),
(11, 'UTILITÁRIOS', 11),
(12, 'UTILITÁRIOS', 12),
(13, 'UTILITÁRIOS', 13),
(14, 'UTILITÁRIOS', 14),
(15, 'UTILITÁRIOS', 15),
(16, 'UTILITÁRIOS', 16),
(17, 'UTILITÁRIOS', 17),
(18, 'UTILITÁRIOS', 18),
(19, 'UTILITÁRIOS', 19),
(20, 'UTILITÁRIOS', 20),
(21, 'UTILITÁRIOS', 21),
(22, 'UTILITÁRIOS', 22),
(23, 'UTILITÁRIOS', 23),
(24, 'UTILITÁRIOS', 24),
(25, 'UTILITÁRIOS', 25),
(26, 'UTILITÁRIOS', 26),
(27, 'UTILITÁRIOS', 27),
(28, 'UTILITÁRIOS', 28),
(29, 'UTILITÁRIOS', 29),
(30, 'UTILITÁRIOS', 30),
(31, 'UTILITÁRIOS', 31),
(32, 'UTILITÁRIOS', 32),
(33, 'UTILITÁRIOS', 33),
(34, 'UTILITÁRIOS', 34),
(35, 'UTILITÁRIOS', 35),
(36, 'UTILITÁRIOS', 36),
(37, 'UTILITÁRIOS', 37),
(38, 'UTILITÁRIOS', 38),
(39, 'UTILITÁRIOS', 39),
(40, 'UTILITÁRIOS', 40),
(41, 'UTILITÁRIOS', 41),
(42, 'UTILITÁRIOS', 42),
(43, 'UTILITÁRIOS', 43),
(44, 'UTILITÁRIOS', 44),
(45, 'UTILITÁRIOS', 45),
(46, 'UTILITÁRIOS', 46),
(47, 'UTILITÁRIOS', 47),
(48, 'UTILITÁRIOS', 48),
(49, 'UTILITÁRIOS', 49),
(50, 'UTILITÁRIOS', 50),
(51, 'UTILITÁRIOS', 51),
(52, 'UTILITÁRIOS', 52),
(53, 'AUTOMÓVEIS', 37),
(54, 'AUTOMÓVEIS', 53),
(55, 'AUTOMÓVEIS', 38),
(56, 'AUTOMÓVEIS', 40),
(57, 'AUTOMÓVEIS', 41),
(58, 'AUTOMÓVEIS', 54),
(59, 'AUTOMÓVEIS', 42),
(60, 'AUTOMÓVEIS', 43),
(61, 'AUTOMÓVEIS', 55),
(62, 'AUTOMÓVEIS', 44),
(63, 'AUTOMÓVEIS', 56),
(64, 'AUTOMÓVEIS', 46),
(65, 'AUTOMÓVEIS', 47),
(66, 'AUTOMÓVEIS', 48),
(67, 'AUTOMÓVEIS', 49),
(68, 'AUTOMÓVEIS', 51),
(69, 'MOTOS', 22),
(70, 'MOTOS', 57),
(71, 'CAMINHÕES E REBOCADORES', 1),
(72, 'CAMINHÕES E REBOCADORES', 58),
(73, 'CAMINHÕES E REBOCADORES', 59),
(74, 'CAMINHÕES E REBOCADORES', 18),
(75, 'CAMINHÕES E REBOCADORES', 23),
(76, 'CAMINHÕES E REBOCADORES', 60),
(77, 'CAMINHÕES E REBOCADORES', 25),
(78, 'CAMINHÕES E REBOCADORES', 37),
(79, 'CAMINHÕES E REBOCADORES', 61),
(80, 'CAMINHÕES E REBOCADORES', 62),
(81, 'CAMINHÕES E REBOCADORES', 63),
(82, 'CAMINHÕES E REBOCADORES', 64),
(83, 'CAMINHÕES E REBOCADORES', 65),
(84, 'CAMINHÕES E REBOCADORES', 66),
(85, 'CAMINHÕES E REBOCADORES', 51),
(86, 'AUTOMÓVEIS', 58),
(87, 'UTILITÁRIOS', 58),
(88, 'MOTOS', 67),
(89, 'MOTOS', 68),
(90, 'AUTOMÓVEIS', 69),
(91, 'AUTOMÓVEIS', 70),
(92, 'UTILITÁRIOS', 69),
(93, 'AUTOMÓVEIS', 59),
(94, 'UTILITÁRIOS', 59),
(95, 'IMPLEMENTOS RODOVIÁRIOS', 71),
(96, 'IMPLEMENTOS RODOVIÁRIOS', 72),
(97, 'IMPLEMENTOS RODOVIÁRIOS', 73),
(98, 'IMPLEMENTOS RODOVIÁRIOS', 74),
(99, 'MOTOS', 75),
(100, 'MOTOS', 1),
(101, 'MOTOS', 76),
(102, 'MOTOS', 77),
(103, 'MOTOS', 78),
(104, 'MOTOS', 2),
(105, 'MOTOS', 79),
(106, 'MOTOS', 80),
(107, 'MOTOS', 81),
(108, 'MOTOS', 82),
(109, 'MOTOS', 83),
(110, 'MOTOS', 4),
(111, 'MOTOS', 84),
(112, 'MOTOS', 85),
(113, 'MOTOS', 86),
(114, 'MOTOS', 87),
(115, 'MOTOS', 88),
(116, 'MOTOS', 89),
(117, 'MOTOS', 90),
(118, 'MOTOS', 91),
(119, 'MOTOS', 92),
(120, 'MOTOS', 93),
(121, 'MOTOS', 94),
(122, 'MOTOS', 95),
(123, 'MOTOS', 96),
(124, 'MOTOS', 97),
(125, 'MOTOS', 98),
(126, 'MOTOS', 99),
(127, 'MOTOS', 100),
(128, 'MOTOS', 101),
(129, 'MOTOS', 102),
(130, 'MOTOS', 103),
(131, 'MOTOS', 104),
(132, 'MOTOS', 105),
(133, 'MOTOS', 106),
(134, 'MOTOS', 107),
(135, 'MOTOS', 20),
(136, 'MOTOS', 108),
(137, 'MOTOS', 109),
(138, 'MOTOS', 110),
(139, 'MOTOS', 111),
(140, 'MOTOS', 112),
(141, 'MOTOS', 113),
(142, 'MOTOS', 114),
(143, 'MOTOS', 115),
(144, 'MOTOS', 116),
(145, 'MOTOS', 117),
(146, 'MOTOS', 118),
(147, 'MOTOS', 119),
(148, 'MOTOS', 120),
(149, 'MOTOS', 121),
(150, 'MOTOS', 122),
(151, 'MOTOS', 123),
(152, 'MOTOS', 124),
(153, 'MOTOS', 125),
(154, 'MOTOS', 126),
(155, 'MOTOS', 127),
(156, 'MOTOS', 128),
(157, 'MOTOS', 129),
(158, 'MOTOS', 130),
(159, 'MOTOS', 131),
(160, 'MOTOS', 132),
(161, 'MOTOS', 133),
(162, 'MOTOS', 134),
(163, 'MOTOS', 135),
(164, 'MOTOS', 136),
(165, 'MOTOS', 137),
(166, 'MOTOS', 41),
(167, 'MOTOS', 138),
(168, 'MOTOS', 139),
(169, 'MOTOS', 140),
(170, 'MOTOS', 141),
(171, 'MOTOS', 142),
(172, 'MOTOS', 143),
(173, 'MOTOS', 144),
(174, 'MOTOS', 145),
(175, 'MOTOS', 146),
(176, 'MOTOS', 147),
(177, 'MOTOS', 148),
(178, 'MOTOS', 149),
(179, 'MOTOS', 150),
(180, 'MOTOS', 151),
(181, 'MOTOS', 152),
(182, 'MOTOS', 153),
(183, 'ÔNIBUS E MICROÔNIBUS', 2),
(184, 'ÔNIBUS E MICROÔNIBUS', 59),
(185, 'ÔNIBUS E MICROÔNIBUS', 25),
(186, 'ÔNIBUS E MICROÔNIBUS', 154),
(187, 'ÔNIBUS E MICROÔNIBUS', 155),
(188, 'ÔNIBUS E MICROÔNIBUS', 37),
(189, 'ÔNIBUS E MICROÔNIBUS', 64),
(190, 'ÔNIBUS E MICROÔNIBUS', 66),
(191, 'ÔNIBUS E MICROÔNIBUS', 51),
(192, 'ÔNIBUS E MICROÔNIBUS', 1),
(193, 'MOTOS', 156),
(194, 'MOTOS', 48),
(195, 'MOTOS', 157),
(196, 'AUTOMÓVEIS', 158),
(197, 'AUTOMÓVEIS', 159),
(198, 'AUTOMÓVEIS', 160),
(199, 'AUTOMÓVEIS', 161),
(200, 'AUTOMÓVEIS', 162),
(201, 'AUTOMÓVEIS', 4),
(202, 'AUTOMÓVEIS', 8),
(203, 'AUTOMÓVEIS', 163),
(204, 'AUTOMÓVEIS', 11),
(205, 'AUTOMÓVEIS', 12),
(206, 'AUTOMÓVEIS', 164),
(207, 'AUTOMÓVEIS', 14),
(208, 'AUTOMÓVEIS', 15),
(209, 'AUTOMÓVEIS', 16),
(210, 'AUTOMÓVEIS', 165),
(211, 'AUTOMÓVEIS', 22),
(212, 'AUTOMÓVEIS', 23),
(213, 'AUTOMÓVEIS', 166),
(214, 'AUTOMÓVEIS', 29),
(215, 'AUTOMÓVEIS', 30),
(216, 'AUTOMÓVEIS', 167),
(217, 'UTILITÁRIOS', 167),
(218, 'AUTOMÓVEIS', 32),
(219, 'AUTOMÓVEIS', 36),
(220, 'AUTOMÓVEIS', 66),
(221, 'UTILITÁRIOS', 66),
(222, 'MOTOS', 168),
(223, 'CAMINHÕES E REBOCADORES', 69),
(226, 'UTILITÁRIOS', 169),
(227, 'UTILITÁRIOS', 170),
(228, 'UTILITÁRIOS', 171);

-- --------------------------------------------------------


--
-- Estrutura da tabela `vehicle_model`
--

CREATE TABLE IF NOT EXISTS `vehicle_model` (
  `vehicle_model_id` bigint(20) NOT NULL AUTO_INCREMENT,
  `vehicle_model_name` varchar(255) NOT NULL,
  `vehicle_type_id` bigint(20) DEFAULT NULL,
  PRIMARY KEY (`vehicle_model_id`),
  KEY `Ref_22` (`vehicle_type_id`)
) ENGINE=InnoDB  DEFAULT CHARSET=utf8 AUTO_INCREMENT=2037 ;

--
-- Extraindo dados da tabela `vehicle_model`
--

INSERT INTO `vehicle_model` (`vehicle_model_id`, `vehicle_model_name`, `vehicle_type_id`) VALUES
(1, 'FURGOVAN', 1),
(2, 'MARRUA 4X4', 1),
(3, 'MARRUA 4X4 CIOATO', 1),
(4, 'MARRUA 4X4 JIPE', 1),
(5, 'MARRUA 4X4 PICAPE', 1),
(6, 'GALLOPER II 4X4', 2),
(7, 'HI-TOPIC', 2),
(8, 'JIPE ROCSTA', 2),
(9, 'TOPIC', 2),
(10, 'TOPIC CARGA', 2),
(11, 'TOWNER', 2),
(12, 'TOWNER FURGAO', 2),
(13, 'TOWNER MULTIUSO', 2),
(14, 'TOWNER PANEL GLASS', 2),
(15, 'TOWNER PANEL VAN', 2),
(16, 'TOWNER PICK-UP', 2),
(17, 'TOWNER TRUCK', 2),
(18, 'EVOLUTION RS', 3),
(19, 'RS', 3),
(20, 'TST', 3),
(21, 'X3', 4),
(22, 'X5', 4),
(23, 'X6', 4),
(24, 'SCORPIO', 5),
(25, 'SCORPIO (C.Dup.)', 5),
(26, 'SCORPIO (C.Sim.)', 5),
(27, 'M-10 1/2', 6),
(28, 'M-12', 6),
(29, 'M-8', 6),
(30, 'M-8 LONG', 6),
(31, 'WAY', 6),
(32, '1600', 7),
(33, '1800', 7),
(34, 'ESCALADE 4X4', 8),
(35, 'JIPE JAVALI', 9),
(36, 'CARGO', 10),
(37, 'FAMILY', 10),
(38, 'GRAND CARAVAN', 11),
(39, 'TOWN & COUNTRY', 11),
(40, 'JUMPER', 12),
(41, 'JUMPER FURGAO', 12),
(42, 'CL-244 4X4', 13),
(43, 'CL-330 4X4 CAB.SIMPL', 13),
(44, 'FEROZA', 14),
(45, 'GRAN-MOVE', 14),
(46, 'MOVE VAN', 14),
(47, 'TERIOS', 14),
(48, 'CHALLENGER', 15),
(49, 'DAKOTA CAB.SIMPLES', 15),
(50, 'DAKOTA CLUB CAB', 15),
(51, 'DAKOTA QUAD CAB', 15),
(52, 'DURANGO', 15),
(53, 'JOURNEY', 15),
(54, 'NITRO', 15),
(55, 'RAM', 15),
(56, 'ULC', 16),
(57, 'BUGGY PLUS', 17),
(58, 'BUGGY VIP', 17),
(59, 'ACADIA', 18),
(60, 'CHEYENNE PICK-UP', 18),
(61, '3500-HD', 18),
(62, 'ENVOY', 18),
(63, 'JIMMY BLAZER', 18),
(64, 'S-10 BLAZER', 18),
(65, 'S-10 PICK-UP', 18),
(66, 'SIERRA', 18),
(67, 'SS-10 PICK-UP', 18),
(68, 'YUKON', 18),
(69, 'HOVER CUV', 19),
(70, 'CARAJAS', 20),
(71, 'TOCANTIS LN', 20),
(72, 'TOCANTIS TR', 20),
(73, 'X-12 LN', 20),
(74, 'X-12 TR', 20),
(75, 'TOWNER(Furgao)', 21),
(76, 'TOWNER(Passageiro)', 21),
(77, 'TOWNER(Pick-Up)', 21),
(78, 'CR-V', 22),
(79, 'PASSPORT 4X4', 22),
(80, 'PASSPORT PICK-UP', 22),
(81, 'PILOT', 22),
(82, 'GALLOPER 4X4', 23),
(83, 'H-1 STAREX', 23),
(84, 'H-100', 23),
(85, 'H-100 FURGAO', 23),
(86, 'H-100 PANEL VAN', 23),
(87, 'H-100 PORTER TRUCK', 23),
(88, 'HR', 23),
(89, 'SANTA FE', 23),
(90, 'TERRACAN', 23),
(91, 'TUCSON', 23),
(92, 'VERACRUZ', 23),
(93, 'HOMBRE', 24),
(94, 'DAILY', 25),
(95, 'DAILY FURGAO', 25),
(96, 'DAILY FURGONE', 25),
(97, 'DAILY GRAN FURGONE', 25),
(98, 'DAILY VETRATO', 25),
(99, 'CHEROKEE 4X4', 26),
(100, 'COMMANDER 4X4', 26),
(101, 'GRAND CHEROKEE 4X4', 26),
(102, 'LIBERTY 4X4', 26),
(103, 'WRANGLER 4X4', 26),
(104, 'TOPIC(Escolar)', 27),
(105, 'TOPIC(Furgao)', 27),
(106, 'TOPIC(Passageiro)', 27),
(107, 'MONTEZ 4X4', 28),
(108, 'PICAPE 4X4', 28),
(109, 'BESTA', 29),
(110, 'BESTA GRAND FURGAO', 29),
(111, 'BONGO K-2400', 29),
(112, 'BONGO K-2500', 29),
(113, 'BONGO K-2700', 29),
(114, 'BONGO K-3500', 29),
(115, 'BONGO K-3600/110', 29),
(116, 'CARNIVAL', 29),
(117, 'CERES PICK-UP', 29),
(118, 'MOHAVE', 29),
(119, 'SORENTO', 29),
(120, 'SPORTAGE GRAND', 29),
(121, 'NIVA 4X4', 30),
(122, 'DEFENDER 110 4X4', 31),
(123, 'DEFENDER 130 4X4', 31),
(124, 'DEFENDER 90 4X4', 31),
(125, 'DISCOVERY 4X4', 31),
(126, 'DISCOVERY-3 4X4', 31),
(127, 'FREELANDER 4X4', 31),
(128, 'NEW RANGE ROVER VOGU', 31),
(129, 'RANGE ROVER', 31),
(130, 'RANGE ROVER SPORT', 31),
(131, 'RX 300 4X4', 32),
(132, 'RX 330 4X4', 32),
(133, 'RX 350 4X4', 32),
(134, 'NAVIGATOR 4X4', 33),
(135, '4X4 SUV', 34),
(136, 'CAB.DUPLA', 35),
(137, 'B-2200', 36),
(138, 'B-2500', 36),
(139, 'CX-9', 36),
(140, '180-D', 37),
(141, 'G 320', 37),
(142, 'G 500', 37),
(143, 'G 55', 37),
(144, 'GL 500', 37),
(145, 'GLK 280', 37),
(146, 'ML 230', 37),
(147, 'ML 320', 37),
(148, 'ML 350', 37),
(149, 'ML 430', 37),
(150, 'ML 500', 37),
(151, 'ML 55 AMG', 37),
(152, 'SPRINTER 310-D', 37),
(153, 'SPRINTER 311-CDI', 37),
(154, 'SPRINTER 311-CDI STR', 37),
(155, 'SPRINTER 312-D IC', 37),
(156, 'SPRINTER 313-CDI', 37),
(157, 'SPRINTER 412-D IC', 37),
(158, 'SPRINTER 413-CDI', 37),
(159, 'V 220', 37),
(160, 'GRANDIS', 38),
(161, 'L-200 CAB.DUPLA', 38),
(162, 'L-200 CAB.SIMPLES', 38),
(163, 'L-200 SPORT CAB.DUPL', 38),
(164, 'L-300', 38),
(165, 'MONTERO', 38),
(166, 'OUTLANDER', 38),
(167, 'PAJERO', 38),
(168, 'PAJERO FULL', 38),
(169, 'PAJERO SPORT', 38),
(170, 'PAJERO TR4', 38),
(171, 'RAIDER', 38),
(172, 'SPACE WAGON', 38),
(173, 'BG-TRUCK', 39),
(174, 'ARMADA', 40),
(175, 'FRONTIER CAB.DUPLA', 40),
(176, 'FRONTIER CAB.SIMPLES', 40),
(177, 'INFINIT 4X4', 40),
(178, 'MURANO', 40),
(179, 'PATHFINDER', 40),
(180, 'PICK-UP CAB.DUPLA', 40),
(181, 'PICK-UP D-21', 40),
(182, 'TERRANO II 4X4', 40),
(183, 'X-TERRA 4X4', 40),
(184, 'X-TRAIL 4X4', 40),
(185, '504 PICK-UP', 41),
(186, 'BOXER FURGAO', 41),
(187, 'BOXER VAN', 41),
(188, 'PARTNER FURGAO', 41),
(189, 'CAYENNE', 42),
(190, 'EXPRESS', 43),
(191, 'KANGOO', 43),
(192, 'KANGOO EXPRESS', 43),
(193, 'MASTER CHASSI CAB', 43),
(194, 'MASTER FURGAO', 43),
(195, 'MASTER MINIBUS', 43),
(196, 'TRAFIC', 43),
(197, 'INCA', 44),
(198, 'BUGGY S', 45),
(199, 'BUGGY SOL', 45),
(200, 'ACTYON', 46),
(201, 'ISTANA', 46),
(202, 'KORANDO', 46),
(203, 'KYRON', 46),
(204, 'MUSSO', 46),
(205, 'MUSSO PICK-UP', 46),
(206, 'REXTON', 46),
(207, 'FORESTER 4X4', 47),
(208, 'GRAND VITARA 4X4', 48),
(209, 'IGNIS', 48),
(210, 'JIMNY 4X4', 48),
(211, 'SAMURAI 4X4(Canvas-T', 48),
(212, 'SAMURAI 4X4(Metal-To', 48),
(213, 'SIDEKICK 4X4(Canvas-', 48),
(214, 'SIDEKICK 4X4(Metal-T', 48),
(215, 'SUPER CARRY FURGAO', 48),
(216, 'SUPER CARRY VAN', 48),
(217, 'VITARA 4X4(Canvas-To', 48),
(218, 'VITARA 4X4(Metal-Top', 48),
(219, 'VITARA WAGON 4X4', 48),
(220, 'BANDEIRANTE JIPE 4X4', 49),
(221, 'BANDEIRANTE PICAPE 4', 49),
(222, 'FJ CRUISER 4X4', 49),
(223, 'HILUX CAB.DUPLA', 49),
(224, 'HILUX CAB.SIMPLES(N.', 49),
(225, 'HILUX SW4 4X4', 49),
(226, 'HILUX SW4 4X4(N.Seri', 49),
(227, 'LAND CRUISER', 49),
(228, 'RAV-4 4X4', 49),
(229, 'SEQUOIA 4X4', 49),
(230, 'SIENNA/TRIP XLE', 49),
(231, 'TACOMA 4X2', 49),
(232, 'TACOMA 4X4', 49),
(233, 'PANTANAL', 50),
(234, 'RF-SPORT 4X4', 50),
(235, 'T-4 4X4', 50),
(236, 'T-4 RF-SPORT 4X4', 50),
(237, 'XC-70', 51),
(238, 'XC-90', 51),
(239, 'WALK SPORT', 52),
(240, 'E 430 TOURING', 53),
(241, 'E 500', 53),
(242, 'E 500 TOURING', 53),
(243, 'E 55', 53),
(244, 'E 63', 53),
(245, 'E 63 TOURING', 53),
(246, 'ML 63', 53),
(247, 'R 500', 53),
(248, 'S 320', 53),
(249, 'S 420', 53),
(250, 'S 500', 53),
(251, 'S 55', 53),
(252, 'S 600', 53),
(253, 'S 63', 53),
(254, 'S 65', 53),
(255, 'SL', 53),
(256, 'SL 320', 53),
(257, 'SL 350', 53),
(258, 'SL 500', 53),
(259, 'SL 55', 53),
(260, 'SL 600', 53),
(261, 'SL 63', 53),
(262, 'SLK 230', 53),
(263, 'SLK 350', 53),
(264, 'SLK 55', 53),
(265, 'MINI COOPER', 54),
(266, 'MINI COOPER(BMW)', 54),
(267, 'MINI COOPER-S', 54),
(268, '3000', 55),
(269, 'AIRTREK', 55),
(270, 'COLT', 55),
(271, 'ECLIPSE', 55),
(272, 'EXPO SP-VAN', 55),
(273, 'GALANT SEDAN', 55),
(274, 'LANCER', 55),
(275, '350 Z', 56),
(276, 'GRAND LIVINA', 56),
(277, 'INFINIT', 56),
(278, 'LIVINA', 56),
(279, 'MAXIMA', 56),
(280, 'MICRA', 56),
(281, 'PRIMERA', 56),
(282, 'QUEST', 56),
(283, 'SENTRA', 56),
(284, 'SX', 56),
(285, 'TIIDA HATCH', 56),
(286, '106', 57),
(287, '205 CABRIOLET', 57),
(288, '205 HATCH', 57),
(289, '206', 57),
(290, '206 SW', 57),
(291, '207 HATCH', 57),
(292, '207 SEDAN', 57),
(293, '207 SW', 57),
(294, '306', 57),
(295, '306 BREAK', 57),
(296, '306 CABRIOLET', 57),
(297, '307 CABRIOLET', 57),
(298, '307 HATCH', 57),
(299, '307 SEDAN', 57),
(300, '307 SW', 57),
(301, '405 BREAK', 57),
(302, '405 SEDAN', 57),
(303, '406 BREAK', 57),
(304, '406 COUPE', 57),
(305, '406 SEDAN', 57),
(306, '407 SEDAN', 57),
(307, '407 SW', 57),
(308, '505 SEDAN', 57),
(309, '605 SEDAN', 57),
(310, '607 SEDAN', 57),
(311, '806', 57),
(312, '807', 57),
(313, 'SOLSTICE', 58),
(314, '911 CARRERA', 59),
(315, '911 CARRERA EVOLUTIO', 59),
(316, '911 CARRERA-4 EVOLUT', 59),
(317, '911 GT-2', 59),
(318, '911 GT-3', 59),
(319, '911 TARGA', 59),
(320, '911 TARGA-4', 59),
(321, '911 TURBO', 59),
(322, '911 TURBO S', 59),
(323, 'BOXSTER', 59),
(324, 'CAYMAN', 59),
(325, '19', 60),
(326, 'CLIO HATCH', 60),
(327, 'CLIO SEDAN', 60),
(328, 'GRAND SCENIC', 60),
(329, 'LAGUNA', 60),
(330, 'LAGUNA NEVADA', 60),
(331, 'LAGUNA TOURING', 60),
(332, 'LOGAN SEDAN', 60),
(333, 'MEGANE COUPE CABRIOL', 60),
(334, 'MEGANE GRAND TOUR', 60),
(335, 'MEGANE HATCH', 60),
(336, 'MEGANE SCENIC', 60),
(337, 'MEGANE SEDAN', 60),
(338, 'SANDERO', 60),
(339, 'SYMBOL SEDAN', 60),
(340, 'TWINGO', 60),
(341, 'SKY', 61),
(342, 'CORDOBA SEDAN', 62),
(343, 'CORDOBA VARIO', 62),
(344, 'IBIZA HATCH', 62),
(345, 'SMART', 63),
(346, 'SMART(MB)', 63),
(347, 'CHAIRMAM', 64),
(348, 'FORESTER 4X4', 65),
(349, 'IMPREZA HB', 65),
(350, 'IMPREZA SD', 65),
(351, 'IMPREZA SW', 65),
(352, 'LEGACY OUTBACK 4X4', 65),
(353, 'LEGACY SD', 65),
(354, 'LEGACY TW', 65),
(355, 'SVX', 65),
(356, 'TRIBECA', 65),
(357, 'VIVIO', 65),
(358, 'BALENO HATCH', 66),
(359, 'BALENO SEDAN', 66),
(360, 'BALENO WAGON', 66),
(361, 'SWIFT', 66),
(362, 'SWIFT HATCH', 66),
(363, 'SWIFT SEDAN', 66),
(364, 'CAMRY SEDAN', 67),
(365, 'COROLLA FIELDER', 67),
(366, 'COROLLA SEDAN', 67),
(367, 'COROLLA WAGON', 67),
(368, 'CORONA SEDAN', 67),
(369, '460', 68),
(370, '850', 68),
(371, '850(855)(StationWago', 68),
(372, '940', 68),
(373, '940 WAGON', 68),
(374, '960', 68),
(375, 'C-30', 68),
(376, 'C-70', 68),
(377, 'S-40', 68),
(378, 'S-60', 68),
(379, 'S-70', 68),
(380, 'S-80', 68),
(381, 'V-40', 68),
(382, 'V-50', 68),
(383, 'V-70', 68),
(384, 'XC-60', 68),
(385, 'XC-70', 68),
(386, 'AMERICA CLASSIC', 69),
(387, 'C 100', 69),
(388, 'C 125', 69),
(389, 'CB 1300', 69),
(390, 'CB 300', 69),
(391, 'CB 400', 69),
(392, 'CB 450', 69),
(393, 'CB 500', 69),
(394, 'CB 600', 69),
(395, 'CB 900', 69),
(396, 'CBR 1000', 69),
(397, 'CBR 1100', 69),
(398, 'CBR 450', 69),
(399, 'CBR 600', 69),
(400, 'CBR 900', 69),
(401, 'CBR 929', 69),
(402, 'CBR 954', 69),
(403, 'CBX 150', 69),
(404, 'CBX 200', 69),
(405, 'CBX 250', 69),
(406, 'CBX 750', 69),
(407, 'CG 125', 69),
(408, 'CG 150', 69),
(409, 'CH 125-R', 69),
(410, 'GOLD WING', 69),
(411, 'LEAD', 69),
(412, 'MAGNA 750', 69),
(413, 'ML 125', 69),
(414, 'NX 150', 69),
(415, 'NX 200', 69),
(416, 'NX 350', 69),
(417, 'NX-4', 69),
(418, 'NXR 125', 69),
(419, 'NXR 150', 69),
(420, 'POP 100', 69),
(421, 'SHADOW', 70),
(422, 'SHADOW', 69),
(423, 'SHADOW AM', 69),
(424, 'SUPER HAWK', 69),
(425, 'VALKYRIE', 69),
(426, 'VT 600', 69),
(427, 'VTX', 69),
(428, 'XL 1000', 69),
(429, 'XL 125', 69),
(430, 'XL 250', 69),
(431, 'XL 350', 69),
(432, 'XLR 125', 69),
(433, 'XLX 250', 69),
(434, 'XLX 350', 69),
(435, 'XR 200', 69),
(436, 'XR 250', 69),
(437, 'XR 650', 69),
(438, 'XRE 300', 69),
(439, '13000', 71),
(440, '1600', 71),
(441, '1800', 71),
(442, '4500', 71),
(443, '5000', 71),
(444, 'D-60', 72),
(445, 'D-70', 72),
(446, '13000', 72),
(447, '11000', 72),
(448, '12000', 72),
(449, '14000', 72),
(450, '19000', 72),
(451, '21000', 72),
(452, '22000', 72),
(453, '6000', 72),
(454, 'C-60', 72),
(455, 'D-40', 72),
(456, 'CARGO 1113', 73),
(457, 'CARGO 1114', 73),
(458, 'CARGO 1117-T', 73),
(459, 'CARGO 1215', 73),
(460, 'CARGO 1217', 73),
(461, 'CARGO 1218-T', 73),
(462, 'CARGO 1313', 73),
(463, 'CARGO 1314', 73),
(464, 'CARGO 1317', 73),
(465, 'CARGO 1415', 73),
(466, 'CARGO 1417', 73),
(467, 'CARGO 1418', 73),
(468, 'CARGO 1419-T', 73),
(469, 'CARGO 1421-T', 73),
(470, 'CARGO 1422', 73),
(471, 'CARGO 1514', 73),
(472, 'CARGO 1517', 73),
(473, 'CARGO 1519-T', 73),
(474, 'CARGO 1521-T', 73),
(475, 'CARGO 1615', 73),
(476, 'CARGO 1617', 73),
(477, 'CARGO 1618-T', 73),
(478, 'CARGO 1619-T', 73),
(479, 'CARGO 1621-T', 73),
(480, 'CARGO 1622-T', 73),
(481, 'CARGO 1630-T', 73),
(482, 'CARGO 1717', 73),
(483, 'CARGO 1721-T', 73),
(484, 'CARGO 1722', 73),
(485, 'CARGO 1722-T', 73),
(486, 'CARGO 1731-T', 73),
(487, 'CARGO 2217', 73),
(488, 'CARGO 2218', 73),
(489, 'CARGO 2319-T', 73),
(490, 'CARGO 2322-T', 73),
(491, 'CARGO 2324', 73),
(492, 'CARGO 2421', 73),
(493, 'CARGO 2422', 73),
(494, 'CARGO 2425', 73),
(495, 'CARGO 2428', 73),
(496, 'CARGO 2622', 73),
(497, 'CARGO 2626', 73),
(498, 'CARGO 2630', 73),
(499, 'CARGO 2631', 73),
(500, 'CARGO 2632', 73),
(501, 'CARGO 2831', 73),
(502, 'CARGO 2932', 73),
(503, 'CARGO 3222', 73),
(504, 'CARGO 3224', 73),
(505, 'CARGO 3530-T', 73),
(506, 'CARGO 4030', 73),
(507, 'CARGO 4031', 73),
(508, 'CARGO 4331-S', 73),
(509, 'CARGO 4331-T', 73),
(510, 'CARGO 4432', 73),
(511, 'CARGO 4532', 73),
(512, 'CARGO 5031-T', 73),
(513, 'CARGO 5032', 73),
(514, 'CARGO 6332', 73),
(515, 'CARGO 712-T', 73),
(516, 'CARGO 814-T', 73),
(517, 'CARGO 815', 73),
(518, 'F-11000', 73),
(519, 'F-12000', 73),
(520, 'F-13000', 73),
(521, 'F-14000', 73),
(522, 'F-16000', 73),
(523, 'F-19000', 73),
(524, 'F-2000', 73),
(525, 'F-21000', 73),
(526, 'F-22000', 73),
(527, 'F-350', 73),
(528, 'F-350 CAB.DUPLA', 73),
(529, 'F-350 NOGUEIRA', 73),
(530, 'F-400', 73),
(531, 'F-4000', 73),
(532, 'F-600', 73),
(533, 'F-700', 73),
(534, 'F-7000', 73),
(535, 'F-8000', 73),
(536, '12-170', 74),
(537, '14-190', 74),
(538, '15-190', 74),
(539, '16-220', 74),
(540, '6-100', 74),
(541, '6-150', 74),
(542, '7-110', 74),
(543, 'H-100 PORTER', 75),
(544, 'H-100 PORTER CAB.DUP', 75),
(545, '4700', 76),
(546, '4900', 76),
(547, '9200', 76),
(548, '9800', 76),
(549, '140', 77),
(550, '180', 77),
(551, '190', 77),
(552, '210', 77),
(553, 'DAILY CHASSI', 77),
(554, 'DAILY CHASSI CAB.DUP', 77),
(555, 'EUROCARGO', 77),
(556, 'EUROCARGO CAVALLINO', 77),
(557, 'EUROCARGO TECTOR', 77),
(558, 'EUROTECH', 77),
(559, 'EUROTRAKKER', 77),
(560, 'STRALIS', 77),
(561, '1114', 78),
(562, '1214', 78),
(563, '1215', 78),
(564, '1218', 78),
(565, '1315', 78),
(566, '1318', 78),
(567, '1414', 78),
(568, '1418', 78),
(569, '1420', 78),
(570, '1518', 78),
(571, '1714', 78),
(572, '1718', 78),
(573, '1720', 78),
(574, '1721', 78),
(575, '1723', 78),
(576, '1723-S', 78),
(577, '1725', 78),
(578, '1728', 78),
(579, '1728-S', 78),
(580, '1933-S', 78),
(581, '1938-S', 78),
(582, '1944-S', 78),
(583, '2035-S', 78),
(584, '2038-S', 78),
(585, '2040-S', 78),
(586, '2044-S', 78),
(587, '2418', 78),
(588, '2423', 78),
(589, '2423-K', 78),
(590, '2425', 78),
(591, '2428', 78),
(592, '2533', 78),
(593, '2540-S', 78),
(594, '2544-S', 78),
(595, '2628', 78),
(596, '2638-S', 78),
(597, '2640-S', 78),
(598, '2644-S', 78),
(599, '2726-K', 78),
(600, '2831', 78),
(601, '3340', 78),
(602, '3340-K', 78),
(603, '3340-S', 78),
(604, '3344', 78),
(605, '3344-K', 78),
(606, '3344-S', 78),
(607, '4140-S', 78),
(608, '4144-S', 78),
(609, '4844-K', 78),
(610, '608', 78),
(611, '708', 78),
(612, '709', 78),
(613, '710', 78),
(614, '712', 78),
(615, '712-E', 78),
(616, '715-C', 78),
(617, '912', 78),
(618, '914', 78),
(619, '914-C', 78),
(620, '915-C', 78),
(621, '915-E', 78),
(622, 'L-1113', 78),
(623, 'L-1114', 78),
(624, 'L-1115', 78),
(625, 'L-1117', 78),
(626, 'L-1118', 78),
(627, 'L-1214', 78),
(628, 'L-1218', 78),
(629, 'L-1313', 78),
(630, 'L-1314', 78),
(631, 'L-1316', 78),
(632, 'L-1317', 78),
(633, 'L-1318', 78),
(634, 'L-1319', 78),
(635, 'L-1414', 78),
(636, 'L-1418', 78),
(637, 'L-1513', 78),
(638, 'L-1514', 78),
(639, 'L-1516', 78),
(640, 'L-1517', 78),
(641, 'L-1518', 78),
(642, 'L-1519', 78),
(643, 'L-1520', 78),
(644, 'L-1614', 78),
(645, 'L-1618', 78),
(646, 'L-1620', 78),
(647, 'L-1621', 78),
(648, 'L-1622', 78),
(649, 'L-1625', 78),
(650, 'L-1630', 78),
(651, 'L-2013', 78),
(652, 'L-2014', 78),
(653, 'L-2017', 78),
(654, 'L-2213', 78),
(655, 'L-2214', 78),
(656, 'L-2215', 78),
(657, 'L-2216', 78),
(658, 'L-2217', 78),
(659, 'L-2219', 78),
(660, 'L-2220', 78),
(661, 'L-2225', 78),
(662, 'L-2314', 78),
(663, 'L-2318', 78),
(664, 'L-2325', 78),
(665, 'L-2635', 78),
(666, 'L-2638', 78),
(667, 'LS-1313', 78),
(668, 'LS-1519', 78),
(669, 'LS-1520', 78),
(670, 'LS-1524', 78),
(671, 'LS-1525', 78),
(672, 'LS-1625', 78),
(673, 'LS-1630', 78),
(674, 'LS-1632', 78),
(675, 'LS-1634', 78),
(676, 'LS-1924', 78),
(677, 'LS-1929', 78),
(678, 'LS-1932', 78),
(679, 'LS-1933', 78),
(680, 'LS-1934', 78),
(681, 'LS-1935', 78),
(682, 'LS-1938', 78),
(683, 'LS-1941', 78),
(684, 'LS-2428', 78),
(685, 'LS-2635', 78),
(686, 'LS-2638', 78),
(687, 'INTERNATIONAL', 79),
(688, '7900', 80),
(689, '9000', 80),
(690, '914', 80),
(691, 'R-112', 81),
(692, 'R-142', 81),
(693, 'T-112', 81),
(694, 'T-142', 81),
(695, 'G-380', 82),
(696, 'G-420', 82),
(697, 'G-440', 82),
(698, 'G-470', 82),
(699, 'P-114', 82),
(700, 'P-124', 82),
(701, 'P-230', 82),
(702, 'P-270', 82),
(703, 'P-310', 82),
(704, 'P-330', 82),
(705, 'P-340', 82),
(706, 'P-360', 82),
(707, 'P-400', 82),
(708, 'P-420', 82),
(709, 'P-93', 82),
(710, 'P-94', 82),
(711, 'R-113', 82),
(712, 'R-114', 82),
(713, 'R-124', 82),
(714, 'R-143', 82),
(715, 'R-164', 82),
(716, 'R-330', 82),
(717, 'R-360', 82),
(718, 'R-380', 82),
(719, 'R-400', 82),
(720, 'R-420', 82),
(721, 'R-440', 82),
(722, 'R-470', 82),
(723, 'R-480', 82),
(724, 'R-500', 82),
(725, 'T-113', 82),
(726, 'T-124', 82),
(727, 'T-143', 82),
(728, 'T-330', 82),
(729, 'T-360', 82),
(730, 'T-400', 82),
(731, 'L-111', 83),
(732, 'L-141', 83),
(733, '11.130', 84),
(734, '11.140', 84),
(735, '12.140', 84),
(736, '12.170', 84),
(737, '12.180', 84),
(738, '13.130', 84),
(739, '13.150', 84),
(740, '13.170', 84),
(741, '13.180', 84),
(742, '13.190', 84),
(743, '14.140', 84),
(744, '14.150', 84),
(745, '14.170', 84),
(746, '14.180', 84),
(747, '14.200', 84),
(748, '14.210', 84),
(749, '14.220', 84),
(750, '15.170', 84),
(751, '15.180', 84),
(752, '15.190', 84),
(753, '16.170', 84),
(754, '16.200', 84),
(755, '16.210', 84),
(756, '16.220', 84),
(757, '16.300', 84),
(758, '17.180', 84),
(759, '17.210', 84),
(760, '17.220', 84),
(761, '17.250', 84),
(762, '17.250 E CL', 84),
(763, '17.300', 84),
(764, '17.310', 84),
(765, '18.310', 84),
(766, '19.320 E CL', 84),
(767, '19.370 E', 84),
(768, '22.140', 84),
(769, '22.210', 84),
(770, '23.210', 84),
(771, '23.220', 84),
(772, '23.250', 84),
(773, '23.310', 84),
(774, '24.220', 84),
(775, '24.250', 84),
(776, '24.250 E CL', 84),
(777, '25.320 E', 84),
(778, '25.370 E', 84),
(779, '26.220', 84),
(780, '26.260', 84),
(781, '26.300', 84),
(782, '26.310', 84),
(783, '31.260', 84),
(784, '31.310', 84),
(785, '31.320', 84),
(786, '31.370', 84),
(787, '35.300', 84),
(788, '40.300', 84),
(789, '5.140', 84),
(790, '6.80', 84),
(791, '6.90', 84),
(792, '7.100', 84),
(793, '7.110', 84),
(794, '7.90', 84),
(795, '8.100', 84),
(796, '8.120', 84),
(797, '8.140', 84),
(798, '8.150', 84),
(799, '9.150', 84),
(800, 'L-80', 84),
(801, 'FH-12', 85),
(802, 'FH-400', 85),
(803, 'FH-440', 85),
(804, 'FH-480', 85),
(805, 'FH-520', 85),
(806, 'FM 11', 85),
(807, 'FM-10', 85),
(808, 'FM-12', 85),
(809, 'FM-400', 85),
(810, 'FM-440', 85),
(811, 'FM-480', 85),
(812, 'N-10', 85),
(813, 'N-12', 85),
(814, 'NL-10', 85),
(815, 'NL-12', 85),
(816, 'VM-17', 85),
(817, 'VM-23', 85),
(818, 'VM-260', 85),
(819, 'VM-310', 85),
(820, 'ASTRA HATCH', 86),
(821, 'ASTRA SEDAN', 86),
(822, 'ASTRA WAGON', 86),
(823, 'CALIBRA COUPE', 86),
(824, 'CAPTIVA', 86),
(825, 'CARAVAN', 86),
(826, 'CAVALIER', 86),
(827, 'CELTA HATCH', 86),
(828, 'CHEVETTE HATCH', 86),
(829, 'CHEVETTE MARAJO', 86),
(830, 'CHEVETTE SEDAN', 86),
(831, 'CLASSIC', 86),
(832, 'CORSA HATCH', 86),
(833, 'CORSA SEDAN', 86),
(834, 'CORSA WAGON', 86),
(835, 'CORVETTE', 86),
(836, 'KADETT', 86),
(837, 'KADETT IPANEMA', 86),
(838, 'LUMINA APV', 86),
(839, 'MERIVA', 86),
(840, 'MONZA HATCH', 86),
(841, 'MONZA SEDAN', 86),
(842, 'OMEGA SEDAN', 86),
(843, 'OMEGA SUPREMA', 86),
(844, 'OPALA COUPE', 86),
(845, 'OPALA SEDAN', 86),
(846, 'PRISMA', 86),
(847, 'TIGRA COUPE', 86),
(848, 'VECTRA', 86),
(849, 'ZAFIRA', 86),
(850, 'A-10 DEMEC', 87),
(851, 'A-10 ENVEMO', 87),
(852, 'A-10 PICK-UP', 87),
(853, 'A-10 SULAN', 87),
(854, 'A-20 DEMEC', 87),
(855, 'A-20 ENVEMO', 87),
(856, 'A-20 PICK-UP', 87),
(857, 'A-20 SULAN', 87),
(858, 'BONANZA', 87),
(859, 'BRASINCA', 87),
(860, 'C-10 DEMEC', 87),
(861, 'C-10 ENVEMO', 87),
(862, 'C-10 PICK-UP', 87),
(863, 'C-10 SULAN', 87),
(864, 'C-20 DEMEC', 87),
(865, 'C-20 ENVEMO', 87),
(866, 'C-20 PICK-UP', 87),
(867, 'C-20 SULAN', 87),
(868, 'CHEVY 500', 87),
(869, 'CORSA PICK-UP', 87),
(870, 'D-10 DEMEC', 87),
(871, 'D-10 ENVEMO', 87),
(872, 'D-10 PICK-UP', 87),
(873, 'D-10 SULAN', 87),
(874, 'D-20 DEMEC', 87),
(875, 'D-20 ENVEMO', 87),
(876, 'D-20 PICK-UP', 87),
(877, 'D-20 SULAN', 87),
(878, 'EQUINOX', 87),
(879, 'HUMMER H2', 87),
(880, 'HUMMER H2 SUT', 87),
(881, 'HUMMER H3', 87),
(882, 'MONTANA', 87),
(883, 'S-10 BLAZER', 87),
(884, 'S-10 BLAZER FLEXPOWE', 87),
(885, 'S-10 PICK-UP', 87),
(886, 'S-10 PICK-UP FLEXPOW', 87),
(887, 'SILVERADO D-20', 87),
(888, 'SILVERADO GRAN BLAZE', 87),
(889, 'SILVERADO PICK-UP', 87),
(890, 'SILVERADO TROPICAL', 87),
(891, 'SPACE VAN', 87),
(892, 'SUBURBAN', 87),
(893, 'TRACKER 4X4', 87),
(894, 'TRAFIC FURGAO', 87),
(895, 'TRAFIC VAN', 87),
(896, 'VERANEIO', 87),
(897, 'KANSAS', 88),
(898, 'LASER', 88),
(899, 'SPEED', 88),
(900, 'SUPER', 88),
(901, 'SUPER', 89),
(902, '147', 90),
(903, '500', 53),
(904, '500', 90),
(905, 'ALFA ROMEO 2300', 90),
(906, 'BRAVA', 90),
(907, 'BRAVO', 90),
(908, 'CINQUECENTO', 90),
(909, 'COUPE', 90),
(910, 'COUPE', 91),
(911, 'DOBLO', 90),
(912, 'DUNA', 90),
(913, 'ELBA', 90),
(914, 'IDEA', 90),
(915, 'LINEA', 90),
(916, 'LINEA TURBO', 90),
(917, 'MAREA', 90),
(918, 'MAREA WEEKEND', 90),
(919, 'UNO', 90),
(920, 'OGGI', 90),
(921, 'PALIO', 90),
(922, 'PALIO WEEKEND', 90),
(923, 'PALIO(Flex)', 90),
(924, 'PANORAMA', 90),
(925, 'PREMIO', 90),
(926, 'PUNTO', 90),
(927, 'PUNTO TURBO', 90),
(928, 'SIENA', 90),
(929, 'SPAZIO', 90),
(930, 'STILO', 90),
(931, 'TEMPRA', 90),
(932, 'TEMPRA SW', 90),
(933, 'TIPO', 90),
(934, '147 FURGAO', 92),
(935, '147 PICK-UP', 92),
(936, 'DOBLO CARGO', 92),
(937, 'DUCATO COMBINATO VAN', 92),
(938, 'DUCATO MAXI CARGO FU', 92),
(939, 'DUCATO MAXI VAN', 92),
(940, 'DUCATO MINIBUS VAN', 92),
(941, 'DUCATO MULTI CARGO F', 92),
(942, 'DUCATO MULTI FURGAO', 92),
(943, 'DUCATO MULTI VAN', 92),
(944, 'DUCATO VETRATO', 92),
(945, 'DUCATO-10', 92),
(946, 'DUCATO-15', 92),
(947, 'DUCATO-8', 92),
(948, 'STRADA CAB.DUPLA', 92),
(949, 'STRADA CAB.ESTENDIDA', 92),
(950, 'STRADA CAB.SIMPLES', 92),
(951, 'UNO FURGAO', 92),
(952, 'UNO PICK-UP', 92),
(953, 'AEROSTAR MINI-VAN', 93),
(954, 'CORCEL BELINA', 93),
(955, 'CORCEL II BELINA', 93),
(956, 'CORCEL II SEDAN', 93),
(957, 'CORCEL SEDAN', 93),
(958, 'DEL REY BELINA', 93),
(959, 'DEL REY SCALA', 93),
(960, 'DEL REY SEDAN', 93),
(961, 'ESCORT', 93),
(962, 'ESCORT CONVERSIVEL', 93),
(963, 'ESCORT HATCH', 93),
(964, 'ESCORT WAGON', 93),
(965, 'FIESTA HATCH', 93),
(966, 'FIESTA SEDAN', 93),
(967, 'FOCUS HATCH', 93),
(968, 'FOCUS SEDAN', 93),
(969, 'FUSION', 93),
(970, 'GALAXI', 93),
(971, 'KA', 93),
(972, 'LANDAU', 93),
(973, 'LTD LANDAU', 93),
(974, 'MAVERICK COUPE', 93),
(975, 'MAVERICK SEDAN', 93),
(976, 'MONDEO SEDAN', 93),
(977, 'MONDEO WAGON', 93),
(978, 'MUSTANG', 93),
(979, 'TAURUS SEDAN', 93),
(980, 'TAURUS WAGON', 93),
(981, 'TRANSIT', 93),
(982, 'TRANSIT VAN', 93),
(983, 'VERONA', 93),
(984, 'VERSAILLES', 93),
(985, 'VERSAILLES ROYALE', 93),
(986, 'WINDSTAR WAGON', 93),
(987, 'CLUB WAGON', 94),
(988, 'COURIER', 94),
(989, 'ECOSPORT', 94),
(990, 'EDGE', 94),
(991, 'ESCAPE', 94),
(992, 'EXPEDITION', 94),
(993, 'EXPLORER', 94),
(994, 'F-1000', 94),
(995, 'F-1000 DEMEC', 94),
(996, 'F-1000 ENGERAUTO', 94),
(997, 'F-1000 ENVEMO', 94),
(998, 'F-1000 SOUZA RAMOS', 94),
(999, 'F-1000 SULAN', 94),
(1000, 'F-1000 TROPICAL', 94),
(1001, 'F-150', 94),
(1002, 'F-250', 94),
(1003, 'F-250 CAB.DUPLA', 94),
(1004, 'FURGLAINE FURGAO', 94),
(1005, 'FURGLAINE VAN', 94),
(1006, 'IBIZA FURGAO', 94),
(1007, 'IBIZA VAN', 94),
(1008, 'PAMPA', 94),
(1009, 'RANGER CAB.SIMPLES', 94),
(1010, 'RANGER CAB.ESTENDIDA', 94),
(1011, 'RANGER CAB.DUPLA', 94),
(1012, 'CARGA SECA', 95),
(1013, 'FURGAO(Aluminio)', 95),
(1014, 'GRANELEIRO', 95),
(1015, 'TANQUE', 95),
(1016, 'CANAVIEIRO(Cana Int)', 96),
(1017, 'CANAVIEIRO(Cana Pic)', 96),
(1018, 'DOLLY', 96),
(1019, 'GRANELEIRO', 96),
(1020, 'CARGA SECA', 96),
(1021, 'FURGAO(Aluminio)', 96),
(1022, 'TANQUE', 96),
(1023, 'BASCULANTE', 97),
(1024, 'CARGA SECA', 97),
(1025, 'CARREGA TUDO', 97),
(1026, 'FURGAO FRIGORIFICO', 97),
(1027, 'FURGAO(Aluminio)', 97),
(1028, 'FURGAO(Lonado)', 97),
(1029, 'GRANELEIRO', 97),
(1030, 'PORTA CONTEINER', 97),
(1031, 'TANQUE', 97),
(1032, 'BASCULANTE', 98),
(1033, 'BOIADEIRO', 98),
(1034, 'CANAVIEIRO(Cana Int)', 98),
(1035, 'CANAVIEIRO(Cana Pic)', 98),
(1036, 'CARGA SECA', 98),
(1037, 'CARREGA TUDO', 98),
(1038, 'CEGONHEIRA', 98),
(1039, 'FURGAO FRIGORIFICO', 98),
(1040, 'FURGAO(Aluminio)', 98),
(1041, 'FURGAO(Isotermico)', 98),
(1042, 'FURGAO(Lonado)', 98),
(1043, 'GRANELEIRO', 98),
(1044, 'PORTA CONTEINER', 98),
(1045, 'TANQUE', 98),
(1046, 'BAJAJ CHAMPION', 99),
(1047, 'BAJAJ CLASSIC', 99),
(1048, 'CONCOURS', 99),
(1049, 'ER-5', 99),
(1050, 'KYMCO', 99),
(1051, 'KZ', 99),
(1052, 'MAXI II', 99),
(1053, 'NINJA', 99),
(1054, 'VOYAGER', 99),
(1055, 'VULCAN', 99),
(1056, 'Z', 99),
(1057, 'CITY', 100),
(1058, 'CITY', 101),
(1059, 'CITY 90', 100),
(1060, 'DAKAR', 100),
(1061, 'DAKAR 30.0', 100),
(1062, 'ELEFANT 27.5', 100),
(1063, 'ELEFANTRE 16.5', 100),
(1064, 'ELEFANTRE 30.0', 100),
(1065, 'FORCE', 100),
(1066, 'FORCE 90', 100),
(1067, 'HARTFORD', 100),
(1068, 'JUNIOR', 100),
(1069, 'SST 13.5', 100),
(1070, 'STX 16.5', 100),
(1071, 'SUPER CITY', 100),
(1072, 'SXT 27.5', 100),
(1073, 'TCHAU', 100),
(1074, 'LX 110', 102),
(1075, 'LX 125', 102),
(1076, 'LX 125/26', 102),
(1077, 'LX 150', 102),
(1078, 'LX 250', 102),
(1079, 'AREA-51', 103),
(1080, 'LEONARDO', 103),
(1081, 'MOTO', 103),
(1082, 'PEGASO', 103),
(1083, 'RALLY', 103),
(1084, 'RS', 103),
(1085, 'RSV MILLE', 103),
(1086, 'RX', 103),
(1087, 'SCARABEO', 103),
(1088, 'SONIC', 103),
(1089, 'SR', 103),
(1090, 'CHALLENGER', 104),
(1091, 'RS', 104),
(1092, 'SR', 104),
(1093, 'CALIFFONE', 105),
(1094, 'MASTER', 105),
(1095, 'SKEGGIA', 105),
(1096, 'KC-119', 106),
(1097, 'MIRAGE SPORT', 106),
(1098, 'CAFE RACER', 107),
(1099, 'DB5-R DELIRIO', 108),
(1100, 'DB6 DELIRIO', 108),
(1101, 'DB6-R DELIRIO', 108),
(1102, 'DB7', 108),
(1103, 'BW', 109),
(1104, 'G 650', 110),
(1105, 'F 650', 110),
(1106, 'F 800', 110),
(1107, 'G450', 110),
(1108, 'K 1100', 110),
(1109, 'K 1200', 110),
(1110, 'K 1300', 110),
(1111, 'R 1100', 110),
(1112, 'R 1150', 110),
(1113, 'R 1200', 110),
(1114, 'WIND', 111),
(1115, 'MASTER', 111),
(1116, 'ELEGANT', 112),
(1117, 'FOSTI', 112),
(1118, 'HERO ANKUR', 112),
(1119, 'HERO PUCH', 112),
(1120, 'JAGUAR', 112),
(1121, 'PISTA', 112),
(1122, 'RUNNER', 112),
(1123, 'ZIP', 112),
(1124, 'CUB', 70),
(1125, 'THUNDER', 70),
(1126, 'TRUST', 70),
(1127, 'YB', 113),
(1128, '250T-1K', 113),
(1129, 'WY150', 101),
(1130, 'WY150-5', 101),
(1131, 'WY150-6', 101),
(1132, 'WJ250', 101),
(1133, 'XF250', 101),
(1134, 'BIG', 101),
(1135, 'POWER', 101),
(1136, 'RACING', 101),
(1137, 'SMART', 101),
(1138, 'WINDLAND', 101),
(1139, 'AZURRA', 101),
(1140, 'BVX TRICICLO', 101),
(1141, 'CAN-AM', 114),
(1142, '1125R', 115),
(1143, 'FIREBOLT', 115),
(1144, 'LIGHTNING', 115),
(1145, 'LIGHTNING LONG', 115),
(1146, 'ULYSSES', 115),
(1147, 'JBr', 116),
(1148, 'SPORT', 117),
(1149, 'STANDARD', 117),
(1150, 'SUPERTOP', 117),
(1151, 'TOP', 117),
(1152, 'ROADSTER', 118),
(1153, 'MITO', 118),
(1154, 'PLANET', 118),
(1155, 'CANYON', 118),
(1156, 'W-16', 118),
(1157, 'ELEFANT', 118),
(1158, 'GRAN CANYON', 118),
(1159, 'NAVIGATOR', 118),
(1160, 'V-RAPTOR', 118),
(1161, 'MOBILETE', 119),
(1162, 'MONDO', 119),
(1163, 'ZH-1(Triciclo)', 120),
(1164, 'ALTINO', 121),
(1165, 'MESSAGE', 121),
(1166, 'VL 125', 121),
(1167, 'VC 125', 121),
(1168, 'VF 125', 121),
(1169, 'VT 125', 121),
(1170, 'VX 125', 121),
(1171, 'DY 110-20', 122),
(1172, 'DY 150-12', 122),
(1173, 'DY 125-37', 122),
(1174, 'DY 125-52', 122),
(1175, 'DY 200', 122),
(1176, 'DY 110-6(Motoneta)', 123),
(1177, 'DY 125-8', 123),
(1178, 'DY 125T-10(Scooter)', 123),
(1179, 'DY 150-7', 123),
(1180, 'DY 150-9', 123),
(1181, 'DY 150 GY', 123),
(1182, 'DY 150ZH(Triciclo)', 123),
(1183, 'DY 250-2', 123),
(1184, 'HYPERMOTARD', 124),
(1185, 'MONSTER', 124),
(1186, 'SUPERSPORT', 124),
(1187, 'SPORTCLASSIC', 124),
(1188, 'SPORT TOURING ST-2', 124),
(1189, 'SPORT TOURING ST-4', 124),
(1190, 'SUPERBIKE', 124),
(1191, 'B09', 125),
(1192, 'EAGLE-COURSER', 125),
(1193, 'OWL', 125),
(1194, 'EAGLE Ai', 125),
(1195, 'EAGLE RC', 125),
(1196, 'EAGLE-250', 125),
(1197, 'EAGLE-B8', 125),
(1198, 'EAGLE-S', 125),
(1199, 'MIRAGE', 126),
(1200, 'ONE', 126),
(1201, 'FMM', 127),
(1202, '150T-3', 128),
(1203, '205T-10', 128),
(1204, 'FY', 129),
(1205, 'GR08T4', 130),
(1206, 'GR125T3', 130),
(1207, 'GR125U', 130),
(1208, 'GR125Z', 130),
(1209, 'GR150P', 130),
(1210, 'GR150T3', 130),
(1211, 'GR150U', 130),
(1212, 'GR08T4', 131),
(1213, 'GR125S', 131),
(1214, 'GR125ST', 131),
(1215, 'GR125T3', 131),
(1216, 'GR125U', 131),
(1217, 'GR125Z', 131),
(1218, 'GR150P', 131),
(1219, 'GR150ST', 131),
(1220, 'GR150T3', 131),
(1221, 'GR150TI', 131),
(1222, 'GR150U', 131),
(1223, 'GR250T3', 131),
(1224, 'EC', 132),
(1225, 'FSR', 132),
(1226, 'EASY', 133),
(1227, 'RUNNER', 133),
(1228, 'SAFARI', 133),
(1229, 'OMOTO', 134),
(1230, 'TA-O1', 135),
(1231, 'HB', 136),
(1232, 'DYNA', 137),
(1233, 'SOFTAIL', 137),
(1234, 'SPORTSTER 1200', 137),
(1235, 'SPORTSTER 883', 137),
(1236, 'TOURING', 137),
(1237, 'VRSC', 137),
(1238, 'HS/R', 138),
(1239, 'FE', 139),
(1240, 'SM', 140),
(1241, 'TE', 140),
(1242, 'WR', 140),
(1243, 'WRE', 140),
(1244, 'CAB', 141),
(1245, 'CRUISE', 141),
(1246, 'GF 125', 141),
(1247, 'MIDAS', 141),
(1248, 'SUPER CAB', 141),
(1249, 'TN 125', 141),
(1250, 'ACTION', 142),
(1251, 'MATRIX', 142),
(1252, 'MOVING', 142),
(1253, 'ONE', 142),
(1254, 'VINTAGE', 142),
(1255, 'JL', 143),
(1256, 'ATLANTIC', 144),
(1257, 'HYPE', 144),
(1258, 'ORBIT', 144),
(1259, 'PEGASUS', 144),
(1260, 'TR', 144),
(1261, 'NEW RALLY', 145),
(1262, 'RALLY', 145),
(1263, 'YY150T-2', 145),
(1264, 'YY150T-4A', 145),
(1265, 'YY50QT-6', 145),
(1266, '150', 146),
(1267, '250', 146),
(1268, 'CUSTOM', 146),
(1269, 'SS', 146),
(1270, 'ST', 146),
(1271, 'TOP 125', 146),
(1272, '125', 147),
(1273, 'COMET', 147),
(1274, 'CRUISE', 147),
(1275, 'FLASH', 147),
(1276, 'FURIA', 147),
(1277, 'GF 125', 147),
(1278, 'MAGIK', 147),
(1279, 'MIDAS', 147),
(1280, 'MIRAGE POWER', 147),
(1281, 'MIRAGE PREMIER', 147),
(1282, 'MOTOKAR', 147),
(1283, 'PRIMA', 147),
(1284, 'PRIMA RALLY', 147),
(1285, 'RX 125', 147),
(1286, 'SUPER CAB', 147),
(1287, 'WIN', 147),
(1288, 'EL350', 148),
(1289, '625 ADVENTURE', 149),
(1290, '640 ADVENTURE', 149),
(1291, '640 ADVENTURE LC4', 149),
(1292, '640 DUKE-II', 149),
(1293, '950 ADVENTURE', 149),
(1294, '990 ADVENTURE', 149),
(1295, '990 SUPERDUKE', 149),
(1296, 'KN 150-4', 150),
(1297, 'KN 150T-12', 150),
(1298, 'KZ 200', 150),
(1299, 'AKROS', 151),
(1300, 'ERGON', 151),
(1301, 'NIX', 151),
(1302, 'PALIO', 151),
(1303, 'MC 110', 152),
(1304, 'MD 125', 152),
(1305, 'MD 150', 152),
(1306, 'ML 200', 152),
(1307, 'LF 50', 153),
(1308, 'LF 110', 153),
(1309, 'LF 150', 153),
(1310, 'LF EAGLE', 153),
(1311, 'LF 250-1', 153),
(1312, 'CLASSIC .', 154),
(1313, 'RACER', 154),
(1314, 'RETRO', 154),
(1315, 'CIAK MASTER', 155),
(1316, 'PASSWORD', 155),
(1317, 'SPIDERMAX', 155),
(1318, 'EASY LUOJIA', 156),
(1319, 'EASY', 156),
(1320, 'DRAGO', 156),
(1321, 'FAST', 156),
(1322, 'VITE', 156),
(1323, 'POP', 156),
(1324, 'CALIFORNIA', 157),
(1325, 'QUOTA', 157),
(1326, 'V11', 157),
(1327, 'CUB', 158),
(1328, 'SCO', 158),
(1329, 'S', 158),
(1330, 'SS', 158),
(1331, 'V', 158),
(1332, 'VIP', 159),
(1333, 'FIGHTER', 159),
(1334, 'FIERA', 159),
(1335, 'FUEGO', 159),
(1336, 'SUPERTRAIL', 159),
(1337, 'MOTTOCA', 160),
(1338, '230', 161),
(1339, 'BD', 162),
(1340, 'BRUTALE-R', 163),
(1341, 'BRUTALE-S', 163),
(1342, 'F4 750', 163),
(1343, 'F4 1000', 163),
(1344, 'F4', 163),
(1345, 'FOXX', 89),
(1346, 'GO', 89),
(1347, 'XRT', 89),
(1348, 'BLACK STAR', 89),
(1349, 'BRX', 89),
(1350, 'STREET', 89),
(1351, 'CUB', 164),
(1352, 'THUNDER', 164),
(1353, 'RACING', 164),
(1354, 'FIRE STAR', 164),
(1355, 'QM', 165),
(1356, 'AX', 165),
(1357, 'JC', 165),
(1358, 'BUXY', 166),
(1359, 'ELYSEO', 166),
(1360, 'SCOOT''ELEC', 166),
(1361, 'SPEEDAKE', 166),
(1362, 'SPEEDFIGHT', 166),
(1363, 'SQUAB', 166),
(1364, 'TREKKER', 166),
(1365, 'VIVACITY', 166),
(1366, 'ZENITH', 166),
(1367, 'FLY', 167),
(1368, 'BEVERLY', 167),
(1369, 'VESPA', 167),
(1370, 'LIBERTY', 167),
(1371, 'MP3', 167),
(1372, 'NRG', 167),
(1373, 'ENJOY', 168),
(1374, 'PASSING', 168),
(1375, 'HUSKY', 168),
(1376, 'SONIK', 169),
(1377, 'LD', 170),
(1378, 'XY 50', 171),
(1379, 'OMOTO', 171),
(1380, 'XY 110', 171),
(1381, 'XY 125', 171),
(1382, 'XY 150', 171),
(1383, 'XY 200', 171),
(1384, 'XY 250', 171),
(1385, 'TT', 172),
(1386, 'TIGER', 172),
(1387, 'TRIDENT', 172),
(1388, 'ADVENTURER', 172),
(1389, 'BONNEVILLE', 172),
(1390, 'DAYTONA', 172),
(1391, 'LEGEND', 172),
(1392, 'SCRAMBLER', 172),
(1393, 'SPRINT', 172),
(1394, 'US1-1', 173),
(1395, 'US1-2', 173),
(1396, 'US1-3', 173),
(1397, 'US1-4', 173),
(1398, 'US1-5', 173),
(1399, 'US1-6', 173),
(1400, 'US1-7', 173),
(1401, 'US1-BIKE', 173),
(1402, 'PHANTOM r4i', 174),
(1403, 'V-THUNDER', 174),
(1404, 'JP', 175),
(1405, 'STREET', 176),
(1406, 'WNR', 176),
(1407, 'WNR BISPRO', 176),
(1408, 'WY-125', 177),
(1409, 'WY-150', 177),
(1410, 'HAOJIN', 178),
(1411, 'TRICICLO', 178),
(1412, 'XL200ZH(Triciclo)', 179),
(1413, 'YY', 180),
(1414, 'GS-806', 181),
(1415, 'GS-808', 181),
(1416, 'GS-814-4', 181),
(1417, 'CHOPPER COBRA', 181),
(1418, 'FOREST', 182),
(1419, 'O-ZY', 182),
(1420, 'AM-825', 183),
(1421, 'B-1618', 184),
(1422, 'B-1621', 184),
(1423, 'FRATELLO', 185),
(1424, 'SCUDATO', 185),
(1425, 'SCUDATO CITY CLASS', 185),
(1426, 'M-210', 186),
(1427, 'M-240', 186),
(1428, 'VOLARE A-5', 187),
(1429, 'VOLARE A-6', 187),
(1430, 'VOLARE A-8', 187),
(1431, 'VOLARE V-5', 187),
(1432, 'VOLARE V-6', 187),
(1433, 'VOLARE V-8', 187),
(1434, 'VOLARE W-8', 187),
(1435, 'VOLARE W-9', 187),
(1436, 'LO-608', 188),
(1437, 'LO-610', 188),
(1438, 'LO-708', 188),
(1439, 'LO-712', 188),
(1440, 'LO-812', 188),
(1441, 'LO-814', 188),
(1442, 'LO-914', 188),
(1443, 'LO-915', 188),
(1444, 'O-364', 188),
(1445, 'O-364S', 188),
(1446, 'O-370R', 188),
(1447, 'O-370RSD', 188),
(1448, 'O-370RSE', 188),
(1449, 'O-370UP', 188),
(1450, 'O-371R', 188),
(1451, 'O-371RS', 188),
(1452, 'O-371RSD', 188),
(1453, 'O-371UP', 188),
(1454, 'O-400R', 188),
(1455, 'O-400RS', 188),
(1456, 'O-400RSD', 188),
(1457, 'O-400RSE', 188),
(1458, 'O-400RSL', 188),
(1459, 'O-400UP', 188),
(1460, 'O-500M', 188),
(1461, 'O-500R', 188),
(1462, 'O-500RS', 188),
(1463, 'O-500SD', 188),
(1464, 'O-500U', 188),
(1465, 'OF-1113', 188),
(1466, 'OF-1114', 188),
(1467, 'OF-1115', 188),
(1468, 'OF-1218', 188),
(1469, 'OF-1313', 188),
(1470, 'OF-1314', 188),
(1471, 'OF-1315', 188),
(1472, 'OF-1318', 188),
(1473, 'OF-1417', 188),
(1474, 'OF-1418', 188),
(1475, 'OF-1618', 188),
(1476, 'OF-1620', 188),
(1477, 'OF-1721', 188),
(1478, 'OF-1722M', 188),
(1479, 'OF-812', 188),
(1480, 'OF-814', 188),
(1481, 'OH-1313', 188),
(1482, 'OH-1314', 188),
(1483, 'OH-1315', 188),
(1484, 'OH-1318', 188),
(1485, 'OH-1417', 188),
(1486, 'OH-1418', 188),
(1487, 'OH-1419', 188),
(1488, 'OH-1420', 188),
(1489, 'OH-1421', 188),
(1490, 'OH-1517', 188),
(1491, 'OH-1518', 188),
(1492, 'OH-1520', 188),
(1493, 'OH-1620', 188),
(1494, 'OH-1621', 188),
(1495, 'OH-1621LE', 188),
(1496, 'OH-1628', 188),
(1497, 'OH-1628L', 188),
(1498, 'OH-1635', 188),
(1499, 'BR-115', 189),
(1500, 'BR-116', 189),
(1501, 'F-112', 189),
(1502, 'F-113', 189),
(1503, 'F-220', 189),
(1504, 'F-94', 189),
(1505, 'K-112', 189),
(1506, 'K-113', 189),
(1507, 'K-124', 189),
(1508, 'K-230', 189),
(1509, 'K-270', 189),
(1510, 'K-310', 189),
(1511, 'K-340', 189),
(1512, 'K-380', 189),
(1513, 'K-420', 189),
(1514, 'K-94', 189),
(1515, 'KCL', 189),
(1516, 'KT', 189),
(1517, 'L', 189),
(1518, 'L-113', 189),
(1519, 'L-94', 189),
(1520, '15.180EOD', 190),
(1521, '15.190EOD', 190),
(1522, '16.180 CO', 190),
(1523, '16.210 CO', 190),
(1524, '17.210 EOD', 190),
(1525, '17.210 OD', 190),
(1526, '17.230 EOD', 190),
(1527, '17.240 OT', 190),
(1528, '17.260 EOT', 190),
(1529, '18.310 OT', 190),
(1530, '18.320 EOT', 190),
(1531, '5.140 EOD', 190),
(1532, '6.90 CO', 190),
(1533, '7.90 CO', 190),
(1534, '8.120 OD', 190),
(1535, '8.140 CO', 190),
(1536, '8.150 EOD', 190),
(1537, '8.150 OD', 190),
(1538, '8.150 ODC', 190),
(1539, '8.150 ODM', 190),
(1540, '9.150 EOD', 190),
(1541, '9.150 OD', 190),
(1542, '9.150 ODC', 190),
(1543, '9.150 ODM', 190),
(1544, 'B-10M', 191),
(1545, 'B-10R', 191),
(1546, 'B-12', 191),
(1547, 'B-12R', 191),
(1548, 'B-58ECO', 191),
(1549, 'B-7R', 191),
(1550, 'B-9R', 191),
(1551, 'MA 10.0', 192),
(1552, 'MA 12.0', 192),
(1553, 'MA 7.9', 192),
(1554, 'MA 8.5', 192),
(1555, 'MA 9.2', 192),
(1556, 'MT 12.0', 192),
(1557, 'AKROS 50cc', 193),
(1558, 'AKROS 90cc', 193),
(1559, 'ERGON 50cc', 193),
(1560, 'FIFTY 50cc', 193),
(1561, 'FIFTY SUMMER 50cc', 193),
(1562, 'FUTURE', 193),
(1563, 'HUNTER', 193),
(1564, 'MAX', 193),
(1565, 'PALIO 50cc', 193),
(1566, 'PGO SPEED 50cc', 193),
(1567, 'STX', 193),
(1568, 'VBLADE', 193),
(1569, 'WEB', 193),
(1570, 'ADDRESS/AE', 194),
(1571, 'ADDRESS/AG', 194),
(1572, 'BANDIT 1200', 194),
(1573, 'BANDIT 1250S', 194),
(1574, 'BANDIT 600', 194),
(1575, 'BANDIT 650', 194),
(1576, 'BANDIT N-1200', 194),
(1577, 'BANDIT N-600', 194),
(1578, 'BANDIT N-650', 194),
(1579, 'BANDIT N1250', 194),
(1580, 'BOULEVARD', 194),
(1581, 'BURGMAN', 194),
(1582, 'DR 350', 194),
(1583, 'DR 650', 194),
(1584, 'DR 800', 194),
(1585, 'DR-Z 400', 194),
(1586, 'FREEWIND', 194),
(1587, 'GS', 194),
(1588, 'GSX 1100', 194),
(1589, 'GSX 1300', 194),
(1590, 'GSX 750', 194),
(1591, 'GSX-R 1000', 194),
(1592, 'GSX-R 1100', 194),
(1593, 'GSX-R 750', 194),
(1594, 'HAYABUSA', 194),
(1595, 'INTRUDER', 194),
(1596, 'INTRUDER VS', 194),
(1597, 'INTRUDER VS 1400', 194),
(1598, 'INTRUDER VS 800', 194),
(1599, 'KATANA', 194),
(1600, 'MARAUDER', 194),
(1601, 'RF 600', 194),
(1602, 'RF 900', 194),
(1603, 'SAVAGE', 194),
(1604, 'TL 1000', 194),
(1605, 'V-STROM', 194),
(1606, 'VX 800cc', 194),
(1607, 'YES', 194),
(1608, 'BEST JH', 195),
(1609, 'FLY JH', 195),
(1610, 'JL', 195),
(1611, 'JOTO', 195),
(1612, 'PRINCE JL', 195),
(1613, 'SHARK', 195),
(1614, 'SKY JL', 195),
(1615, 'STAR JL', 195),
(1616, 'LEGEND SEDAN', 196),
(1617, 'NSX COUPE', 196),
(1618, '145', 197),
(1619, '147', 197),
(1620, '155', 197),
(1621, '156', 197),
(1622, '156 SPORTWAGON', 197),
(1623, '164', 197),
(1624, '166', 197),
(1625, 'SPIDER', 197),
(1626, 'COUPE DB9', 198),
(1627, 'COUPE VANTAGE', 198),
(1628, '100', 199),
(1629, '80', 199),
(1630, '80 CABRIOLET', 199),
(1631, 'A-3', 199),
(1632, 'A-3 SPORTBACK', 199),
(1633, 'A-4', 199),
(1634, 'A-4 CABRIOLET', 199),
(1635, 'A-5 COUPE', 199),
(1636, 'A-6', 199),
(1637, 'A-8', 199),
(1638, 'AVANT 100', 199),
(1639, 'AVANT 80', 199),
(1640, 'AVANT A-4', 199),
(1641, 'AVANT A-6', 199),
(1642, 'AVANT ALLROAD', 199),
(1643, 'AVANT RS-2', 199),
(1644, 'AVANT RS-4', 199),
(1645, 'AVANT RS-6', 199),
(1646, 'AVANT S-4', 199),
(1647, 'AVANT S-6', 199),
(1648, 'Q-5', 199),
(1649, 'Q-7 4X4', 199),
(1650, 'R-8', 199),
(1651, 'RS-4', 199),
(1652, 'RS-6', 199),
(1653, 'S-3', 199),
(1654, 'S-4', 199),
(1655, 'S-5 COUPE', 199),
(1656, 'S-6', 199),
(1657, 'S-8', 199),
(1658, 'TT COUPE', 199),
(1659, 'TT ROADSTER', 199),
(1660, 'CONTINENTAL', 200),
(1661, '118i', 201),
(1662, '120', 201),
(1663, '120i', 201),
(1664, '120ia', 201),
(1665, '130i', 201),
(1666, '130ia', 201),
(1667, '130iM', 201),
(1668, '135i COUPE', 201),
(1669, '316i', 201),
(1670, '316i COMPACT', 201),
(1671, '316ia', 201),
(1672, '316ia COMPACT', 201),
(1673, '318i', 201),
(1674, '318i CABRIO', 201),
(1675, '318i COMPACT', 201),
(1676, '318ia', 201),
(1677, '318ia COMPACT', 201),
(1678, '318is', 201),
(1679, '318isa', 201),
(1680, '318ti COMPACT', 201),
(1681, '318tia COMPACT', 201),
(1682, '320i', 201),
(1683, '320ia', 201),
(1684, '323i', 201),
(1685, '323i TOURING', 201),
(1686, '323ia', 201),
(1687, '323ia TOURING', 201),
(1688, '323ti COMPACT', 201),
(1689, '323tia COMPACT', 201),
(1690, '325i', 201),
(1691, '325i CABRIO', 201),
(1692, '325i COUPE', 201),
(1693, '325ia', 201),
(1694, '325ia CABRIO', 201),
(1695, '325ia COUPE', 201),
(1696, '325ia Touring', 201),
(1697, '328i', 201),
(1698, '328i CABRIO', 201),
(1699, '328i SPORT', 201),
(1700, '328i TOURING', 201),
(1701, '328ia', 201),
(1702, '328ia CABRIO', 201),
(1703, '328ia TOURING', 201),
(1704, '330Ci CABRIO', 201),
(1705, '330i', 201),
(1706, '330i CABRIO', 201),
(1707, '330ia', 201),
(1708, '330ia CABRIO', 201),
(1709, '335ia', 201),
(1710, '335ia CABRIO', 201),
(1711, '520i', 201),
(1712, '525i', 201),
(1713, '525i TOURING', 201),
(1714, '525ia', 201),
(1715, '525ia TOURING', 201),
(1716, '528i', 201),
(1717, '528ia', 201),
(1718, '528ia TOURING', 201),
(1719, '528iL', 201),
(1720, '530i', 201),
(1721, '530i TOURING', 201),
(1722, '530ia', 201),
(1723, '530ia TOURING', 201),
(1724, '540ia', 201),
(1725, '540ia TOURING', 201),
(1726, '545ia', 201),
(1727, '550ia', 201),
(1728, '645Ci', 201),
(1729, '645Ci CABRIO', 201),
(1730, '645Cia', 201),
(1731, '645Cia CABRIO', 201),
(1732, '650Ci', 201),
(1733, '650CiC CABRIO', 201),
(1734, '730i', 201),
(1735, '730ia', 201),
(1736, '735i', 201),
(1737, '735ia', 201),
(1738, '740i', 201),
(1739, '740ia', 201),
(1740, '740iaL', 201),
(1741, '740iL', 201),
(1742, '745ia', 201),
(1743, '750i', 201),
(1744, '750ia', 201),
(1745, '750iL', 201),
(1746, '760iaL', 201),
(1747, '840Ci', 201),
(1748, '840Cia', 201),
(1749, '850Ci', 201),
(1750, '850Cia', 201),
(1751, '850CSi', 201),
(1752, '850i', 201),
(1753, 'M3', 201),
(1754, 'M3 CABRIO', 201),
(1755, 'M5', 201),
(1756, 'M5 TOURING', 201),
(1757, 'M6', 201),
(1758, 'Z3', 201),
(1759, 'Z4', 201),
(1760, 'Z8', 201),
(1761, 'SEDAN CTS-V', 202),
(1762, 'SEDAN DTS', 202),
(1763, 'SPEEDSTER', 203),
(1764, 'SPYDER 550-S', 203),
(1765, 'SPYDER 550-S (Flex)', 203),
(1766, 'SUPER 90', 203),
(1767, '300C SEDAN', 204),
(1768, '300C TOURING', 204),
(1769, '300M', 204),
(1770, 'CARAVAN', 204),
(1771, 'CROSSFIRE', 204),
(1772, 'NEON SEDAN', 204),
(1773, 'PT CRUISER', 204),
(1774, 'SEBRING SEDAN', 204),
(1775, 'STRATUS', 204),
(1776, 'BERLINGO MULTISPACE', 205),
(1777, 'C-3', 205),
(1778, 'C-4', 205),
(1779, 'C-4 GRAND', 205),
(1780, 'C-4 HATCH', 205),
(1781, 'C-4 PALLAS', 205),
(1782, 'C-4 PICASSO', 205),
(1783, 'C-5', 205),
(1784, 'C-5 BREAK', 205),
(1785, 'C-6', 205),
(1786, 'C-8', 205),
(1787, 'C5 TOURER', 205),
(1788, 'EVASION', 205),
(1789, 'XANTIA', 205),
(1790, 'XANTIA BREAK', 205),
(1791, 'XM', 205),
(1792, 'XM BREAK', 205),
(1793, 'XSARA', 205),
(1794, 'XSARA BREAK', 205),
(1795, 'XSARA PICASSO', 205),
(1796, 'ZX', 205),
(1797, 'ESPERO SEDAN', 206),
(1798, 'LANOS HATCH', 206),
(1799, 'LANOS SEDAN', 206),
(1800, 'LEGANZA SEDAN', 206),
(1801, 'NUBIRA SEDAN', 206),
(1802, 'NUBIRA WAGON', 206),
(1803, 'RACER', 206),
(1804, 'SUPER SALON', 206),
(1805, 'TICO', 206),
(1806, 'APPLAUSE', 207),
(1807, 'CHARADE', 207),
(1808, 'CUORE', 207),
(1809, 'SEDAN CHARGER', 208),
(1810, 'SEDAN SRT-8', 208),
(1811, 'STEALTH', 208),
(1812, 'TOURING MAGNUM', 208),
(1813, 'VIPER', 208),
(1814, 'M100', 209),
(1815, '355', 210),
(1816, '360', 210),
(1817, '456', 210),
(1818, '550', 210),
(1819, '575M', 210),
(1820, '612', 210),
(1821, 'F-430', 210),
(1822, 'F-599', 210),
(1823, 'ACCORD', 211),
(1824, 'ACCORD WAGON', 211),
(1825, 'CITY SEDAN', 211),
(1826, 'CIVIC COUPE', 211),
(1827, 'CIVIC HATCH', 211),
(1828, 'CIVIC SEDAN', 211),
(1829, 'CIVIC TARGA', 211),
(1830, 'FIT', 211),
(1831, 'NEW FIT', 211),
(1832, 'ODYSSEY VAN', 211),
(1833, 'PRELUDE COUPE', 211),
(1834, 'ACCENT HATCH', 212),
(1835, 'ATOS PRIME', 212),
(1836, 'AZERA SEDAN', 212),
(1837, 'COUPE FX', 212),
(1838, 'COUPE FX TIBURON', 212),
(1839, 'ELANTRA SEDAN', 212),
(1840, 'ELANTRA WAGON', 212),
(1841, 'EXCEL SEDAN', 212),
(1842, 'I30', 212),
(1843, 'MATRIX', 212),
(1844, 'SONATA SEDAN', 212),
(1845, 'TRAJET', 212),
(1846, 'S-TYPE', 213),
(1847, 'S-TYPE(New)', 213),
(1848, 'X-TYPE', 213),
(1849, 'X-TYPE ESTATE', 213),
(1850, 'XF', 213),
(1851, 'XJ6', 213),
(1852, 'XJ8', 213),
(1853, 'XJR', 213),
(1854, 'XJR(New)', 213),
(1855, 'XJS', 213),
(1856, 'XJS-C', 213),
(1857, 'XK8', 213),
(1858, 'XK8(New)', 213),
(1859, 'XKR(New)', 213),
(1860, 'CARENS', 214),
(1861, 'CERATO', 214),
(1862, 'CLARUS SEDAN', 214),
(1863, 'CLARUS WAGON', 214),
(1864, 'MAGENTIS SEDAN', 214),
(1865, 'OPIRUS SEDAN', 214),
(1866, 'PICANTO', 214),
(1867, 'RIO', 214),
(1868, 'SEPHIA', 214),
(1869, 'SHUMA', 214),
(1870, 'SOUL', 214),
(1871, 'LAIKA SEDAN', 215),
(1872, 'LAIKA STATION', 215),
(1873, 'SAMARA', 215),
(1874, 'GALLARDO', 216),
(1875, 'GALLARDO SPYDER', 217),
(1876, 'MURCIELAGO', 216),
(1877, 'ES', 218),
(1878, 'GS 300', 218),
(1879, 'IS 250', 218),
(1880, 'IS 350', 218),
(1881, 'LS 400', 218),
(1882, 'LS 430', 218),
(1883, 'LS 460', 218),
(1884, '3200', 91),
(1885, 'GRAN SPORT', 91),
(1886, 'GRANTURISMO', 91),
(1887, 'QUATTROPORTE', 91),
(1888, 'SPIDER', 91),
(1889, '626', 219),
(1890, '626 SW', 219),
(1891, '929', 219),
(1892, 'MILLENIA', 219),
(1893, 'MPV MINI-VAN', 219),
(1894, 'MX-3', 219),
(1895, 'MX-5', 219),
(1896, 'PROTEGE', 219),
(1897, 'RX-8', 219),
(1898, '190', 53),
(1899, '230', 53),
(1900, '260', 53),
(1901, '300', 53),
(1902, '560', 53),
(1903, 'A 200', 53),
(1904, 'B 170', 53),
(1905, 'B 180', 53),
(1906, 'B 200', 53),
(1907, 'C 180', 53),
(1908, 'C 200', 53),
(1909, 'C 200 TOURING', 53),
(1910, 'C 220', 53),
(1911, 'C 230', 53),
(1912, 'C 230 TOURING', 53),
(1913, 'C 240', 53),
(1914, 'C 280 TOURING', 53),
(1915, 'C 300', 53),
(1916, 'C 320', 53),
(1917, 'C 350', 53),
(1918, 'C 350 TOURING', 53),
(1919, 'C 36', 53),
(1920, 'C 43', 53),
(1921, 'C 55', 53),
(1922, 'C 63 TOURING', 53),
(1923, 'CL', 53),
(1924, 'CL 500', 53),
(1925, 'CL 600', 53),
(1926, 'CL 63', 53),
(1927, 'CLASSE-A 160', 53),
(1928, 'CLASSE-A 190', 53),
(1929, 'CLC 200', 53),
(1930, 'CLK 230', 53),
(1931, 'CLK 320', 53),
(1932, 'CLK 320 CABRIO', 53),
(1933, 'CLK 350', 53),
(1934, 'CLK 430', 53),
(1935, 'CLK 500', 53),
(1936, 'CLK 500 CABRIO', 53),
(1937, 'CLK 55', 53),
(1938, 'CLS 500', 53),
(1939, 'CLS 63', 53),
(1940, 'E 190', 53),
(1941, 'E 200', 53),
(1942, 'E 220 TOURING', 53),
(1943, 'E 230', 53),
(1944, 'E 240', 53),
(1945, 'E 280', 53),
(1946, 'E 280 TOURING', 53),
(1947, 'E 320', 53),
(1948, 'E 320 CABRIO', 53),
(1949, 'E 320 TOURING', 53),
(1950, 'E 350', 53),
(1951, 'E 350 TOURING', 53),
(1952, 'E 420', 53),
(1953, 'E 420 TOURING', 53),
(1954, 'APOLLO', 220),
(1955, 'BORA', 220),
(1956, 'BRASILIA', 220),
(1957, 'CROSSFOX', 220),
(1958, 'EOS', 220),
(1959, 'FOX HATCH', 220),
(1960, 'FUSCA', 220),
(1961, 'GOL', 220),
(1962, 'GOLF', 220),
(1963, 'GOLF CABRIO', 220),
(1964, 'JETTA', 220),
(1965, 'JETTA VARIANT', 220),
(1966, 'LOGUS', 220),
(1967, 'NEW BEETLE', 220),
(1968, 'PARATI', 220),
(1969, 'PASSAT', 220),
(1970, 'PASSAT CC', 220),
(1971, 'PASSAT VARIANT', 220),
(1972, 'POINTER', 220),
(1973, 'POLO CLASSIC', 220),
(1974, 'POLO HATCH', 220),
(1975, 'POLO SEDAN', 220),
(1976, 'SANTANA', 220),
(1977, 'SANTANA QUANTUM', 220),
(1978, 'SPACEFOX', 220),
(1979, 'TIGUAN', 220),
(1980, 'VARIANT', 220),
(1981, 'VARIANT II', 220),
(1982, 'VOYAGE', 220),
(1983, 'CARAVELLE', 221),
(1984, 'EUROVAN', 221),
(1985, 'GOL FURGAO', 221),
(1986, 'KOMBI', 221),
(1987, 'KOMBI FURGAO', 221),
(1988, 'KOMBI PICK-UP', 221),
(1989, 'KOMBI STANDARD', 221),
(1990, 'SAVEIRO', 221),
(1991, 'TOUAREG 4X4', 221),
(1992, 'VAN', 221),
(1993, '750 VIRAGO', 222),
(1994, 'AXIS', 222),
(1995, 'BW''S', 222),
(1996, 'CRYPTON', 222),
(1997, 'DRAG STAR', 222),
(1998, 'DRAG STAR 1100', 222),
(1999, 'DRAG STAR XVS', 222),
(2000, 'DT 180-Z', 222),
(2001, 'DT 200', 222),
(2002, 'FAZER 250', 222),
(2003, 'FZ-6 600', 222),
(2004, 'FZ6', 222),
(2005, 'FZ6-S', 222),
(2006, 'FZR 1000', 222),
(2007, 'FZR 600', 222),
(2008, 'NEO', 222),
(2009, 'RD 125', 222),
(2010, 'RD 135', 222),
(2011, 'RDZ 125', 222),
(2012, 'RDZ 135', 222),
(2013, 'ROYAL STAR 1300', 222),
(2014, 'TDM 225', 222),
(2017, 'HILUX CAB.SIMPLES', 49),
(2018, 'NH-12', 85),
(2019, 'ACCENT', 212),
(2020, 'SPORTAGE', 29),
(2021, 'HILUX SW4 4X2(N.Seri', 49),
(2022, 'SAVEIRO C.ESTENDIDA', 221),
(2023, 'TRAKKER', 77),
(2024, '19.320 E CL', 84),
(2025, '120', 223),
(2026, 'XTZ', 222),
(2027, 'VM 280', 85),
(2028, 'SCENIC', 60),
(2029, 'CASA', 226),
(2030, 'SOBRADO', 226),
(2031, 'COMERCIAL', 226),
(2032, 'RESIDENCIAL', 227),
(2033, 'COMERCIAL', 227),
(2034, 'CHACARA', 228),
(2035, 'SITIO', 228),
(2036, 'FAZENDA', 228);

-- --------------------------------------------------------

--
-- Estrutura da tabela `vehicle_version`
--

CREATE TABLE IF NOT EXISTS `vehicle_version` (
  `vehicle_version_id` bigint(20) NOT NULL AUTO_INCREMENT,
  `vehicle_version_name` varchar(255) DEFAULT NULL,
  `vehicle_model_id` bigint(20) DEFAULT NULL,
  PRIMARY KEY (`vehicle_version_id`),
  KEY `Ref_03` (`vehicle_model_id`)
) ENGINE=InnoDB  DEFAULT CHARSET=utf8 AUTO_INCREMENT=7127 ;

--
-- Extraindo dados da tabela `vehicle_version`
--

INSERT INTO `vehicle_version` (`vehicle_version_id`, `vehicle_version_name`, `vehicle_model_id`) VALUES
(1, '6000E-TRONIC 2.8TDI', 1),
(2, '6000-RD 2.8TDI', 1),
(3, '6000-RS 2.8TDI', 1),
(4, '8000E-MEC 4.3TDI', 1),
(5, '8000-RD 4.3TDI', 1),
(6, '8000-RD 4.3TDI(Aut.)', 1),
(7, '2.8 TB-IC', 2),
(8, '2.8 TB-IC(T.Rigido)', 2),
(9, '2.8 TB-IC(C.Dup)', 3),
(10, '2.8 TB-IC(C.Sim)', 3),
(11, 'AM50(T.Lona) 2.8 TB-IC', 4),
(12, 'AM50(T.Rigido) 2.8 TB-IC', 4),
(13, 'AM100(C.Sim) 2.8 TB-IC', 5),
(14, 'AM100(C.Dup) 2.8 TB-IC', 5),
(15, 'AM150(C.Sim) 2.8 TB-IC', 5),
(16, 'AM150(C.Dup) 2.8 TB-IC', 5),
(17, 'AM150(C.Sim) 2.8 TB-IC(Chassi)', 5),
(18, 'AM150(C.Dup) 2.8 TB-IC(Chassi)', 5),
(19, 'AM200(C.Sim) 2.8 TB-IC', 5),
(20, 'AM200(C.Dup) 2.8 TB-IC', 5),
(21, 'AM200(C.Sim) 2.8 TB-IC(Chassi)', 5),
(22, 'AM200(C.Dup) 2.8 TB-IC(Chassi)', 5),
(23, 'LUXO 2.5 TB', 6),
(24, 'LUXO 3.0 V-6', 6),
(25, 'SUPER LUXO 2.5 TB', 6),
(26, 'SUPER LUXO 3.0 V-6', 6),
(27, 'DLX 2.7', 7),
(28, 'DLX(Full) 2.7', 7),
(29, 'SDX 2.7', 7),
(30, 'SDX(Full) 2.7', 7),
(31, 'SLX 2.7', 7),
(32, 'SLX(Full) 2.7', 7),
(33, 'STD 2.7', 7),
(34, 'VAN 2.7', 7),
(35, 'GT 4X4 2.2', 8),
(36, 'LUXO 2.7', 9),
(37, 'SUPER LUXO 2.7', 9),
(38, '2.7', 10),
(39, 'COACH DLX 0.8', 11),
(40, 'COACH SDX(Full) 0.8', 11),
(41, 'COACH SDX ST 0.8', 11),
(42, 'COACH STD 0.8', 11),
(43, 'LUXO 0.8', 11),
(44, 'LUXO 0.8MPFI', 11),
(45, 'SUPER LUXO 0.8', 11),
(46, 'SUPER LUXO 0.8MPFI', 11),
(47, 'VBR 0.8', 12),
(48, '0.8', 12),
(49, '0.8MPFI', 12),
(50, '0.8', 13),
(51, '0.8MPFI', 13),
(52, '0.8', 14),
(53, '0.8', 15),
(54, '0.8', 16),
(55, '0.8MPFI', 16),
(56, '0.8', 17),
(57, '1.8AP(4Lug.)', 18),
(58, '1.6(4Lug.)', 19),
(59, '1.6(4Lug.)', 20),
(60, '4X4(Family) 2.5 24v', 21),
(61, '4X4 2.5(Sport)', 21),
(62, '4X4 SI 2.5 24v', 21),
(63, '4X4(Family) 3.0 24v', 21),
(64, '4X4(Sport) 3.0 24v', 21),
(65, '4X4 SI (Sport) 3.0 24v', 21),
(66, '4X4 3.0 24v', 22),
(67, '4X4(Sport) 3.0 24v (Face Lift)', 22),
(68, '4X4 3.0(Top)', 22),
(69, '4X4 3.0 SI(Sport)', 22),
(70, '4X4 4.4', 22),
(71, '4X4 4.4(Security)', 22),
(72, '4X4(Sport) 4.4 (Face Lift)', 22),
(73, '4X4(Sport) 4.4', 22),
(74, '4X4 (Endurance)4.8IS', 22),
(75, '4X4 (Endurance 7Lug.)4.8IS', 22),
(76, '4X4(Sport) 4.8IS', 22),
(77, '4X4(Sport 7Lug.) 4.8IS', 22),
(78, '4X4(xDrive30i) 3.0', 23),
(79, '4X4(xDrive50i) 4.4 V-8 BI-TB', 23),
(80, '4X4 2.6 TB-IC', 24),
(81, '4X4 2.6 TB-IC', 25),
(82, '4X4 2.6 TB-IC', 26),
(83, '1.6(4Lug.)', 27),
(84, '1.6(4Lug.)', 28),
(85, '1.6(4Lug.)', 29),
(86, '1.6(4Lug.)', 30),
(87, '1.6(4Lug.)', 31),
(88, '1.6 TUNNING(4Lug.)', 31),
(89, '(2Lug.)', 32),
(90, '(4Lug.)', 32),
(91, '(4Lug.)', 33),
(92, '6.0 V-8', 34),
(93, 'AWD 6.2 V-8(AT)', 34),
(94, '3.0 4x4', 35),
(95, 'FURGAO 1.0', 36),
(96, 'UTILITY FURGAO 1.0', 36),
(97, 'PICK-UP 1.0', 36),
(98, 'PICK-UP 1.0 (Cab. Estendida)', 36),
(99, 'PICK-UP 1.0 (Cab. Dupla)', 36),
(100, '1.0', 37),
(101, 'LE 3.3 V-6 4X2', 38),
(102, 'LIMITED 3.3 V-6 4X2', 38),
(103, 'LX 3.8 V-6 4X4', 38),
(104, 'SE 3.3 V-6 4X2', 38),
(105, 'LIMITED 3.8 V-6 4X4', 39),
(106, 'FURGAO 2.8', 40),
(107, 'FURGAO 2.8(Ch.Longo)', 40),
(108, 'VAN 2.8', 40),
(109, 'MINIBUS 2.8 HDI', 40),
(110, 'MINIBUS 2.8 TD', 40),
(111, '2.5', 41),
(112, '35MH 2.8 TD', 41),
(113, '2.8TDI', 42),
(114, '2.8TDI', 43),
(115, 'DX 4X4 1.6 16v', 44),
(116, 'SX 4X4 1.6 16v', 44),
(117, 'CX 1.6 16v', 45),
(118, 'CX 1.5 16v', 45),
(119, '0.8', 46),
(120, 'SX 4X4 1.3 16v', 47),
(121, 'SRT-8 6.1 V-8 HEMI', 48),
(122, 'CLUB 4X2 2.5', 49),
(123, 'SLT 4X2 5.2 V-8', 49),
(124, 'SPORT 4X2 2.5', 49),
(125, 'SPORT 4X4 2.5', 49),
(126, 'SPORT 4X2 5.2 V-8', 49),
(127, '2.5', 49),
(128, '2.5 TB SPORT', 49),
(129, 'R/T V-8 5.2', 49),
(130, 'V-6 3.9 SPORT', 49),
(131, '2.5 TB SPORT', 50),
(132, 'R/T 5.2 V-8', 50),
(133, '3.9 V-6 SPORT', 50),
(134, '2.5 TB SPORT', 51),
(135, '3.9 V-6 SPORT', 51),
(136, '5.2 V-8 SPORT', 51),
(137, '4X4 5.9 V-8', 52),
(138, '4X4 SLT 5.2 V-8', 52),
(139, 'LIMITED 4X4 5.7 V-8 HEMI', 52),
(140, 'STX 4X2 2.7 V-6', 53),
(141, '4X2 R/T 4.0 V-6', 54),
(142, 'QUAD CAB 2500 4X4 5.9 TB-IC', 55),
(143, 'QUAD CAB 2500-HD 4X4 5.9 TB-IC', 55),
(144, 'QUAD CAB 2500 4X4 4.7 V-8', 55),
(145, 'PICK-UP 2500 4X4 5.9 TB-IC', 55),
(146, 'PICK-UP LARAMIE 4X2 5.2 V-8', 55),
(147, 'PICK-UP LARAMIE 4X2 5.9 V-8', 55),
(148, 'PICK-UP SLT 4X2 5.2 V-8', 55),
(149, 'PICK-UP SPORT 4X2 5.9 V-8', 55),
(150, 'SRT V-10(Reg.Cab) 4X4 8.3', 55),
(151, '2500 TROPIVAN 4X4 SLT 5.9 TB-I', 55),
(152, 'FURGAO 1.0 8v', 56),
(153, 'PICK-UP 1.0 8v', 56),
(154, 'VAN 1.0 8v', 56),
(155, '1.6', 57),
(156, '1.6', 58),
(157, '1.8', 58),
(158, 'SLT 3.6 V-6 4X4(AT)', 59),
(159, '4.3 V-6 4X2', 60),
(160, '4.2 TB-IC 4X2', 61),
(161, '4.2 4X4', 62),
(162, '4.3 V-6 4X2', 63),
(163, '4.3 V-6 4X4', 63),
(164, '4.3 V-6 4X2', 64),
(165, '4.3 V-6 4X2', 65),
(166, 'EXT.CAB 5.7 V-8 4X4', 66),
(167, 'EXT.CAB 6.6 V-8 TB 4X4', 66),
(168, 'SPORTSIDE 5.0 V-8 4X4', 66),
(169, '4.3 V-6 4X2', 67),
(170, 'XL 5.3 V-8 4X4', 68),
(171, '2.4 16v', 69),
(172, '4WD 2.4 16V', 69),
(173, '1.8', 70),
(174, 'VIP 1.8', 70),
(175, '1.5', 70),
(176, 'LE 1.6', 71),
(177, 'LE 1.6', 72),
(178, 'XAVANTE 1.6', 73),
(179, 'XAVANTE 1.6', 74),
(180, '1.0 8v', 75),
(181, '1.0 8v', 76),
(182, '1.0 8v', 77),
(183, 'EX-AT 4X4 2.0 16v', 78),
(184, 'EXL-AT 4X4 2.0 16v', 78),
(185, 'LX-AT 4X2 2.0 16v', 78),
(186, 'Si-AT 4X4 2.0 16v', 78),
(187, 'Si-MT 4X4 2.0 16v', 78),
(188, 'AT 4X4 2.4 16v', 78),
(189, 'EX-MT V-6 3.2 24v', 79),
(190, 'EX-AT V-6 3.2 24v', 79),
(191, 'LX-MT V-6 3.2 24v', 79),
(192, 'LX-AT V-6 3.2 24v', 79),
(193, '3.2 24v', 80),
(194, 'EX-L 4WD-AT 3.5 V-6', 81),
(195, 'XL 2.5 TB', 82),
(196, 'HSV 2.4 16v(Aut.)', 83),
(197, 'HSV 2.5 TB', 83),
(198, 'SVX 2.4 16v', 83),
(199, 'SVX 2.5 TB-IC', 83),
(200, 'SVX 2.6', 83),
(201, 'DLX 2.5', 84),
(202, 'GL 2.6', 84),
(203, 'GL 2.6(N.Serie)', 84),
(204, 'GLS 2.6', 84),
(205, 'GLS 2.6(N.Serie)', 84),
(206, 'GS 2.5', 84),
(207, 'GS 2.4', 84),
(208, 'GL 2.6', 85),
(209, '2.5', 86),
(210, '2.5', 87),
(211, '2.5TCI RS', 88),
(212, '2.5TCI RD', 88),
(213, '2.5TCI HD(Longo) 4X2', 88),
(214, '2.5TCI HD(LongoC/Cacamba) 4X2', 88),
(215, '2.5TCI LD(Ex.Longo) 4X2', 88),
(216, '2.5TCI LD(Ex.LongoC/Cacamba) 4', 88),
(217, 'GLS 2WD-AT 2.7 V-6(5Lug.N.Seri', 89),
(218, '4X4-AT 2.7 V-6', 89),
(219, '4X4-AT 2.7 V-6(5Lug.N.Serie)', 89),
(220, '4X4-AT 2.7 V-6(N.Serie)', 89),
(221, '4X4-AT 2.9 CRDI', 90),
(222, '4X4-MT GL 2.5 TB-IC', 90),
(223, 'GLS 4X2-MT 2.0 16v', 91),
(224, 'GLS 4X2-AT 2.0 16v', 91),
(225, '4X4-AT 2.0 CRDI', 91),
(226, 'GL 4X4-AT 2.7 V-6', 91),
(227, '4X4-CVT 3.8 V-6', 92),
(228, '2WD XS 2.2', 93),
(229, 'MAXI-VAN 40.13(Ch.Curto)', 94),
(230, 'MAXI-VAN 40.13(Ch.Curto)(Escol', 94),
(231, 'MAXI-VAN 50.13(Ch.Curto)', 94),
(232, 'MAXI FURGONE 55C16', 94),
(233, 'LOTACAO 35.10(Ch.Curto)', 94),
(234, 'LOTACAO 49.10(Ch.Curto)', 94),
(235, 'LOTACAO 49.12(Ch.Curto)', 94),
(236, 'LOTACAO 49.12(Ch.Longo)', 94),
(237, 'MAXI-VAN 40.12(Ch.Curto)', 94),
(238, 'MAXI-VAN 40.12(Ch.Curto)(Escol', 94),
(239, 'MAXI-VAN 49.12(Ch.Longo)', 94),
(240, '38.13(Ch.Curto)(City)', 95),
(241, '40.13(Ch.Curto)', 95),
(242, '50.13(Ch.Curto)', 95),
(243, '35.10(Ch.Curto)', 95),
(244, '35.10(Ch.Curto)(City)', 95),
(245, '49.10(Ch.Curto)', 95),
(246, '49.12(Ch.Curto)', 95),
(247, '49.12(Ch.Longo)', 95),
(248, '35S14', 96),
(249, '35S14', 97),
(250, '45S14', 97),
(251, '55C16', 97),
(252, '55C16', 98),
(253, 'RUBICON 4.0', 99),
(254, 'SPORT 3.7', 99),
(255, 'SPORT 4.0', 99),
(256, 'SPORT 2.5 TB-IC', 99),
(257, '5.7 V-8 HEMI', 100),
(258, 'LAREDO 2.7 TB-IC', 101),
(259, 'LAREDO 3.1 TB-IC', 101),
(260, 'LAREDO 4.0', 101),
(261, 'LAREDO 5.2 V-8', 101),
(262, 'LIMITED 4X4 3.0 TD-IC', 101),
(263, 'LIMITED 4.7 V-8', 101),
(264, 'LIMITED 5.2 V-8', 101),
(265, 'LIMITED EDITION 3.7', 102),
(266, '4.0(T.Rigido)', 103),
(267, '4.0(T.Lona)', 103),
(268, 'SPORT 3.8 V-6', 103),
(269, 'SPORT 4.0', 103),
(270, 'UNLIMITED 4X4 3.8 V-6', 103),
(271, '2.2 8v', 104),
(272, '2.2 8v(KitGNV)', 104),
(273, '2.2 8v', 105),
(274, '2.2 8v(KitGNV)', 105),
(275, '2.2 8v', 106),
(276, '2.2 8v(KitGNV)', 106),
(277, '1.9TB(T.Rigido)', 107),
(278, 'CD 1.9TB(T.Rigido)', 107),
(279, '1.9TB(T.Lona)', 107),
(280, 'CD 1.9TB(T.Lona)', 107),
(281, '1.9TB(C.Sim.)', 108),
(282, 'GS 2.7', 109),
(283, 'GS 2.7(Aut.)', 109),
(284, 'GRAND GS 3.0', 109),
(285, 'SUPER VAN EST 2.7', 109),
(286, 'SUPER VAN FULL 2.7', 109),
(287, 'SUPER VAN ST 2.2', 109),
(288, 'GS 3.0', 110),
(289, 'SV 3.0', 110),
(290, '4X2 2.4(C.Sim)', 111),
(291, '2.5 TB 4X2', 112),
(292, '4X2 2.7(C.Sim)', 113),
(293, '4X4 2.7(C.Sim)', 113),
(294, '4X4 2.7(Basculante)', 113),
(295, '4X2 2.7(Ch.Longo)', 113),
(296, '4X4 2.7(C.Dup)', 113),
(297, '4X2 2.7(C.Est)', 113),
(298, '3.5', 114),
(299, '3.6', 115),
(300, 'EX 3.8 V-6 24v(Aut.)', 116),
(301, 'GS 2.5 24v', 116),
(302, 'GS 2.5 24v(Aut.)', 116),
(303, 'GS 2.9 16v TB-IC', 116),
(304, '2.2', 117),
(305, 'EX 4X4-AT 3.8 V-6', 118),
(306, 'EX 4X4-AT 3.0 TB-IC', 118),
(307, 'EX 4X4-AT 4.6 V-8', 118),
(308, '4X4-MT EX 2.5 16v', 119),
(309, '4X4-AT EX 2.5 16v', 119),
(310, '4X4-AT EX 3.5 V-6 24v', 119),
(311, '4X4-AT EX 3.8 V-6 24v', 119),
(312, '4X4-MT LX 2.5 16v', 119),
(313, '4X4-AT LX 2.5 16v', 119),
(314, '4X4-MT DLX 2.0 MRDI 16v', 120),
(315, '4X4-MT DLX 2.0 TB-IC', 120),
(316, '1.6', 121),
(317, '1.7i', 121),
(318, 'CD 1.6', 121),
(319, 'PANTANAL 1.6', 121),
(320, 'RC 1.6', 121),
(321, 'RC PANTANAL 1.6', 121),
(322, '2.5TD5 CSTD', 122),
(323, '2.5Tdi PCSW', 122),
(324, '2.5Tdi HCPU(Chas.Cab)', 122),
(325, 'SVX(Lim.Edition) 2.4TD', 122),
(326, '2.4Td S(Puma)', 122),
(327, '2.5Tdi SW', 122),
(328, '2.5Tdi HCPU(Ch.Cab)', 122),
(329, '2.5Tdi HCPU(C.Sim)', 122),
(330, '2.4Td S(Puma)', 123),
(331, '(Puma) 130 4X4 CAB.DUPLA 2.4TD', 123),
(332, '2.5Tdi HCPU(CrewCab)', 123),
(333, '2.5Tdi HCPU(Ch.Cab)', 123),
(334, '2.5Tdi HCPU(C.Dup)', 123),
(335, '2.5Tdi HCPU(Ch.Cab)', 124),
(336, '2.5Tdi CSW', 124),
(337, '2.4Td S(Puma)', 124),
(338, '2.5Tdi SW(Hard Top)', 124),
(339, '2.5Tdi SW(Soft Top)', 124),
(340, 'SVX(Lim.Edition) 2.4TD', 124),
(341, '2.5Tdi SW(T.Rigido)', 124),
(342, '3.9 V-8', 125),
(343, '2.5Tdi', 125),
(344, 'ES 4.0 V-8', 125),
(345, 'TD-5 2.5Tdi(Aut.)', 125),
(346, 'TD-5 2.5Tdi', 125),
(347, 'HSE 4.4 V-8(Aut.)', 126),
(348, 'HSE 2.7 TD V-6(Aut.)', 126),
(349, 'S 2.7 V-6(Aut.)', 126),
(350, 'S 4.0 V-6(Aut.)', 126),
(351, 'SE 4.0 V-6(Aut.)', 126),
(352, 'SE 2.7 V-6(Aut.)', 126),
(353, '1.8 16v', 127),
(354, 'HSE 2.5 V-6(Aut.)', 127),
(355, 'S 2.5 V-6 24v(Aut.)', 127),
(356, 'SE 2.5 V-6 (Aut.)', 127),
(357, '3.9 V-8', 128),
(358, '4X4 SE 4.4 V-8 32v', 129),
(359, '4X4 SPORT HSE 3.6 BI-TD V-8', 129),
(360, '4X4 SPORT SE 2.7 TD V-6', 129),
(361, '4X4 SPORT SUPERCHARGED 4.2 V-8', 129),
(362, '4X4 SUPERCHARGED 4.2 V-8 (N.Se', 129),
(363, '4X4 HSE 2.7 V-6 TB-IC (N.Serie', 129),
(364, '4X4 HSE 4.6 V-8', 129),
(365, 'VOGUE 4X4 3.6 TD V-8', 129),
(366, 'VOGUE 4X4 3.9 V-8', 129),
(367, 'VOGUE 4X4 SUPERCHARGED 4.2 V-8', 129),
(368, '4X4 2.7 TB-IC V-6(N.Serie)', 130),
(369, '4X4 3.6 TD V-8(N.Serie)', 130),
(370, '4X4 4.4 V-8 (N.Serie)', 130),
(371, '4X4 HSE 4.4 V-8(N.Serie)', 130),
(372, '3.0 24v V-6', 131),
(373, '3.3 24v V-6', 132),
(374, '3.5 24v V-6', 133),
(375, '5.4 V-8', 134),
(376, '2.6CRDe', 135),
(377, '4X4 2.5 TB-IC(Ch.Curto)', 136),
(378, 'CS 4X2 2.2', 137),
(379, 'CD 4X2 2.2', 137),
(380, 'CS 4X2 2.5', 138),
(381, 'CS 4X4 2.5', 138),
(382, 'CD 4X4 2.5', 138),
(383, 'AWD(AT) 3.7 V-6 24v', 139),
(384, 'FURGAO 2.4', 140),
(385, 'VAN 2.4(Lotacao)', 140),
(386, 'PICK-UP 2.4', 140),
(387, 'VAN 2.4', 140),
(388, 'VAN VIP 2.4', 140),
(389, 'SW 4X4 3.2 V-6', 141),
(390, 'SW 4X4 5.0 V-8', 142),
(391, 'L AMG 4X4 5.4 V-8', 143),
(392, '4X4 5.5 V-8', 144),
(393, '4WD 3.0 V-6', 145),
(394, '4X4 2.3', 146),
(395, '4X4 3.2 CDI V-6', 147),
(396, '4X4 3.2 V-6', 147),
(397, '4X4 3.0 CDI V-6', 148),
(398, '4X4 3.5 V-6', 148),
(399, '4X4 4.3 V-8', 149),
(400, '4X4 5.0 V-8', 150),
(401, '4X2 5.5 V-8', 151),
(402, '2.5 TB CHASSI', 152),
(403, '2.5 TB FURGAO(Longo T.Baixo)', 152),
(404, '2.5 TB FURGAO(Longo T.Alto)', 152),
(405, '2.5 TB VAN(Lotacao Longo T.Bai', 152),
(406, '2.5 TB VAN(Lotacao Longo T.Alt', 152),
(407, '2.5 TB PICK-UP', 152),
(408, '2.5 TB VAN EXECUTIVO(10Lug.)', 152),
(409, '2.5 TB VAN LUXO(10Lug.)', 152),
(410, '2.5 TB VAN LUXO(12Lug.)', 152),
(411, '2.5 TB VAN LUXO(15Lug.)', 152),
(412, '2.2 TB CHASSI', 153),
(413, '2.2 TB FURGAO(Curto)', 153),
(414, '2.2 TB FURGAO(Longo T.Alto)', 153),
(415, '2.2 TB FURGAO(Longo T.Baixo)', 153),
(416, '2.2 TB VAN STD(Curto 12Lug.)', 153),
(417, '2.2 TB VAN LUXO(Curto 12Lug.)', 153),
(418, '2.2 TB VAN STD(Longo 15Lug.)', 153),
(419, '2.2 TB VAN LUXO(Longo 15Lug.)', 153),
(420, '2.2 TB VAN STREET LUXO(16Lug.)', 153),
(421, '2.2 TB VAN STREET STD(16Lug.)', 153),
(422, '2.2 TB VAN STREET STD(T.Alto 1', 153),
(423, '2.2 TB CHASSI', 154),
(424, '2.2 TB FURGAO(Curto T.Baixo)', 154),
(425, '2.2 TB FURGAO(Longo T.Baixo)', 154),
(426, '2.2 TB FURGAO(Longo T.Alto)', 154),
(427, '2.5 TB CHASSI', 155),
(428, '2.5 TB FURGAO(Longo T.Baixo)', 155),
(429, '2.5 TB FURGAO(Longo T.Alto)', 155),
(430, '2.5 TB VAN(Lotacao Longo T.Bai', 155),
(431, '2.5 TB VAN(Lotacao Longo T.Alt', 155),
(432, '2.5 TB VAN EXECUTIVA(11Lug.)', 155),
(433, '2.5 TB VAN LUXO(12Lug.)', 155),
(434, '2.5 TB VAN LUXO(16Lug.)', 155),
(435, '2.5 TB VAN STREET LUXO(16Lug.)', 155),
(436, '2.5 TB VAN STD(12Lug.)', 155),
(437, '2.5 TB VAN STD(16Lug.)', 155),
(438, '2.5 TB VAN STREET STD(16Lug.)', 155),
(439, '2.2 TB CHASSI', 156),
(440, '2.2 TB FURGAO(Curto)', 156),
(441, '2.2 TB FURGAO(Longo T. Baixo)', 156),
(442, '2.2 TB FURGAO(Longo T.Alto)', 156),
(443, '2.2 TB VAN EXECUTIVO(10Lug.)', 156),
(444, '2.2 TB VAN LUXO(12Lug.)', 156),
(445, '2.2 TB VAN LUXO(16Lug.)', 156),
(446, '2.5 TB RD CHASSI(Curto)', 157),
(447, '2.5 TB RD CHASSI(Longo)', 157),
(448, '2.2 TB RD CHASSI(Curto)', 158),
(449, '2.2 TB RD CHASSI(Longo)', 158),
(450, '2.2 TB FURGAO(Longo T.Alto)', 158),
(451, '2.2 TB VAN LUXO(16Lug)', 158),
(452, '2.2 TB', 159),
(453, '2.4 16v(Aut.)', 160),
(454, '4X2 2.5 TB', 161),
(455, '4X4 2.5 TB', 161),
(456, 'GL 4X4 2.5 TB', 161),
(457, 'GL 4X4 2.5 TB(N.Serie)', 161),
(458, 'GLS 4X4 2.5 TB', 161),
(459, 'GLS 4X4 2.5 TB(N.Serie)', 161),
(460, '4X2 2.5 TB', 162),
(461, 'HPE 4X4-AT(Outdoor) 2.5 TB-IC', 163),
(462, 'HPE 4X4-MT(Outdoor) 2.5 TB-IC', 163),
(463, 'GLS 4X4-MT 2.5 TB-IC', 163),
(464, 'GLS 4X4-MT(Nelore) 2.5 TB-IC', 163),
(465, 'GLS 4X4-MT(Outdoor) 2.5 TB-IC', 163),
(466, 'HPE 4X4-AT 2.5 TB-IC(121cv)', 163),
(467, 'HPE 4X4-AT 2.5 TB-IC(141cv)', 163),
(468, 'HPE 4X4-AT(Nelore) 2.5 TB-IC', 163),
(469, 'HPE 4X4-MT 2.5 TB-IC(121cv)', 163),
(470, 'HPE 4X4-MT 2.5 TB-IC(141cv)', 163),
(471, 'HPE 4X4-MT(Nelore) 2.5 TB-IC', 163),
(472, 'CANTER 2.5', 164),
(473, 'DX 2.5(12Lug.)', 164),
(474, 'DX 2.5(17Lug.)', 164),
(475, '2.5(Base)(12Lug.)', 164),
(476, '2.5(Luxo)(12Lug.)', 164),
(477, '2.5(Top)(12Lug.)', 164),
(478, '4X4-MT 2.8', 165),
(479, '4X4-AT 2.4', 166),
(480, '4X4-AT 3.0 V-6', 166),
(481, 'DAKAR 4X4-AT 3.2 TB-IC', 167),
(482, 'DAKAR 4X4-MT 3.2 TB-IC', 167),
(483, 'EVOLUTION 4X4-MT 3.5 V-6', 167),
(484, 'GLS 4X4-MT 2.8 TB', 167),
(485, 'GLS 4X4-AT 2.8 TB', 167),
(486, 'GLS 4X4-MT 3.0 V-6', 167),
(487, 'GLS 4X4-AT 3.0 V-6', 167),
(488, 'GLS 4X4-MT 3.5 V-6', 167),
(489, 'GLS 4X4-MT 2.8 TB-IC', 168),
(490, 'GLS 4X4-AT 2.8 TB-IC', 168),
(491, 'GLS 4X4-AT 3.0 V-6', 168),
(492, 'GLS 4X4-MT 3.0 V-6', 168),
(493, '4X4-AT 3.2 16v TB-IC', 168),
(494, 'GLS 4X4-AT 3.2 TB-IC', 168),
(495, 'GLS 4X4-AT 3.5 V-6', 168),
(496, 'GLS 4X4-AT 3.8 V-6', 168),
(497, 'HPE 4X4-AT 3.2 TB-IC', 168),
(498, 'HPE 4X4-AT 2.5 TB-IC', 169),
(499, 'HPE 4X4-AT 3.5 V-6', 169),
(500, 'HPE 4X4-MT 2.5 TB-IC', 169),
(501, '4X2-MT 2.0 16v(Flex)', 170),
(502, '4X4-MT 2.0 16v', 170),
(503, '4X4-MT 2.0 16v(Flex)', 170),
(504, 'GLS 4X4-MT 2.0 16v(Flex)', 170),
(505, '4X4-MT(Proteg.) 2.0 16v(Flex)', 170),
(506, '4X4-MT(Protegida) 2.0 16v', 170),
(507, '4X4-AT 2.0 16v', 170),
(508, '4X4-AT 2.0 16v(Flex)', 170),
(509, '4X4-AT(Proteg.) 2.0 16v(Flex)', 170),
(510, '4X4-AT(LongRange) 2.0 16v', 170),
(511, 'LS 4X4-AT(Ext.Cab) 3.7 V-6', 171),
(512, 'GLS 2.4', 172),
(513, 'GLS 2.0', 172),
(514, 'GLXi 2.4', 172),
(515, 'GLXi 2.4(N.Serie)', 172),
(516, 'TURBO(C.Dup)', 173),
(517, 'SE 4X4-AT 5.6 V-8', 174),
(518, 'AX 4X4 2.5 TB-IC', 175),
(519, 'AX 4X4 3.2', 175),
(520, 'DX 4X4 3.2', 175),
(521, 'LE 4X4-AT 2.5 TB-IC', 175),
(522, 'SEL 4X4-AT CD 2.5 TB-IC', 175),
(523, 'SEL 4X4-MT CD 2.5 TB-IC', 175),
(524, 'LE 4X4-MT 2.5 16v TDI', 175),
(525, 'LE 4X4-AT 2.5 16v TDI', 175),
(526, 'LE(Luxury) 4X4-MT (C.Dup) 2.5', 175),
(527, 'LE(Luxury) 4X4-AT (C.Dup) 2.5', 175),
(528, 'TITANIUM 4X2 2.8 TDI', 175),
(529, 'TITANIUM 4X4 2.8 TDI', 175),
(530, 'SE 4X2-MT 2.5 16v TDI', 175),
(531, 'SE 4X4-MT 2.5 16v TDI', 175),
(532, 'SE 4X2 2.8 TDI', 175),
(533, 'SE (Vibe) 4X2 2.8 TDI', 175),
(534, 'SE 4X4 2.8 TDI', 175),
(535, 'SE(One) 4X2 2.8 TDI', 175),
(536, 'SE(One) 4X4 2.8 TDI', 175),
(537, 'SE(Serrana) 4X4 2.8 TDI', 175),
(538, 'XE 4X2 2.8 TDI', 176),
(539, 'EX-35 3.5 V-6 24v(AWD)', 177),
(540, 'FX-35 3.5 V-6 24v', 177),
(541, 'FX-45 4.5 V-8 32v', 177),
(542, 'FX-50S TECHNOLOGY 5.0 V-8 32v', 177),
(543, 'SE 4X4 3.5 V-6 24v', 178),
(544, 'LE 4X4 2.5 TB-IC', 179),
(545, 'LE 4X4 4.0 V-6', 179),
(546, 'SE 4X4 2.5 TB-IC', 179),
(547, 'SE 4X4 4.0 V-6', 179),
(548, 'SE 4X4 3.0 12v', 179),
(549, 'SE 4X4 3.3 12v', 179),
(550, 'SE 4X4 3.5 24v', 179),
(551, 'SE(Titanium) 4X4 3.3 12v', 179),
(552, 'XE 4X4 2.7', 179),
(553, 'XE 4X4 3.0 V-6', 179),
(554, 'DX 2.7', 180),
(555, 'AX 2.7', 180),
(556, '4X4 CD 2.7', 181),
(557, '4X2 CD 2.7', 181),
(558, '4X4 CS 2.7', 181),
(559, '4X2 CS 2.7', 181),
(560, 'SE 2.7', 182),
(561, 'SLX 2.7', 182),
(562, 'SE 2.8 TDI', 183),
(563, 'SE(Blaz.) 2.8 TDI(140cv)', 183),
(564, 'SE(Ecotrip)(Blaz.) 2.8 TDI', 183),
(565, 'XE 2.8 TDI', 183),
(566, 'XE(Blaz.) 2.8 TDI(140cv)', 183),
(567, 'GX 2.5 16v', 184),
(568, 'LE 2.0 16v-CVT', 184),
(569, 'SE 2.0 16v-CVT', 184),
(570, 'GD 2.3D', 185),
(571, 'GRD 2.3D', 185),
(572, '(Ch.Curto) 2.8', 186),
(573, '330(Ch.Curto) 2.8 HDI', 186),
(574, '330(Ch.Curto) 2.8 TD', 186),
(575, '350(Ch.Longo T.Elev.) 2.8 HDI', 186),
(576, '350(Ch.Longo T.Elev.Vidro) 2.8', 186),
(577, '(Ch.Medio) 2.8', 186),
(578, '330(Ch.Medio) 2.8 HDI', 186),
(579, '330(Ch.Medio) 2.8 TD', 186),
(580, '320-M 2.5', 187),
(581, '320-M 2.8(10Lug.)', 187),
(582, '320-M 2.8(16Lug.)', 187),
(583, '320-M 2.8 TD(16Lug.)', 187),
(584, '320-M 2.8 TD-IC(16Lug.)', 187),
(585, '330-M 2.8 HDI(16Lug.)', 187),
(586, '320-M 2.8 HDI(16Lug.)', 187),
(587, '1.8', 188),
(588, '1.6 16v', 188),
(589, '1.6 16v(800Kg)', 188),
(590, '4X4 3.2 V-6(Tiptr.)', 189),
(591, 'PREMIUM 4X4 3.2 V-6(Tiptr.290c', 189),
(592, '4X4 4.5 TB V-8(Tiptr.)', 189),
(593, '4X4 4.5 TB V-8(Tiptr.500cv)', 189),
(594, 'GTS 4X4 4.8 V-8(Tiptr.)', 189),
(595, 'GTS(DesignEdit.3) 4X4 4.8 V-8(', 189),
(596, 'SPORT 4X4 3.6 V-6(Tiptr.)', 189),
(597, 'S 4X4 4.5 TB V-8(Tiptr.)', 189),
(598, 'S 4X4 4.5 V-8(Tiptr.)', 189),
(599, 'S 4X4 4.5 V-8(Tiptr.385cv)', 189),
(600, 'S 4X4 4.8 V-8(Tiptr.)', 189),
(601, '1.6', 190),
(602, 'AUTHENTIQUE 1.6 16v', 191),
(603, 'AUTHENTIQUE 1.6 16v (Hi-Flex)', 191),
(604, 'AUTHENTIQUE(7Lug.) 1.6 16v(Hi-', 191),
(605, 'EXPRESSION 1.0 16v', 191),
(606, 'EXPRESSION 1.6 16v', 191),
(607, 'EXPRESSION 1.6 16v (Hi-Flex)', 191),
(608, 'RL 1.0 8v', 191),
(609, 'RL 1.0 16v', 191),
(610, 'RL(Yahoo!) 1.0 16v', 191),
(611, 'RN(Yahoo!) 1.0 16v', 191),
(612, 'RL 1.6 8v', 191),
(613, 'RN 1.0 8v', 191),
(614, 'RN 1.0 16v', 191),
(615, '1.0 16v', 192),
(616, '1.6 16v', 192),
(617, '1.6 16v (Hi-Flex)', 192),
(618, '(Conforto) 1.6 16v(Hi-Flex)', 192),
(619, '1.6 16v(PackClim) (Hi-Flex)', 192),
(620, 'RL 1.0 8v', 192),
(621, 'RL 1.0 16v', 192),
(622, 'RL 1.6 8v', 192),
(623, 'RL 1.6 16v', 192),
(624, 'L2H1 2.8DTI', 193),
(625, 'L2H1 2.5DCI 16V', 193),
(626, 'L2H1 2.5DCI 16V(PackConforto7)', 193),
(627, 'L2H1 2.5DCI 16V(PackEletrico)', 193),
(628, 'L2H1 2.5DCI 16V(Luxo7)', 193),
(629, 'L1H1 2.8D', 194),
(630, 'L1H1 2.8DTI', 194),
(631, 'L1H1 2.5DCI 16V', 194),
(632, 'L1H1 2.5DCI 16V(PackEletrico)', 194),
(633, 'L1H1 2.5DCI 16V(Conforto9)', 194),
(634, 'L1H1 2.5DCI 16v (13Lug.)', 195),
(635, 'L1H1 2.5DCI 16v(Escolar16Lug.)', 195),
(636, 'L1H1 2.5DCI 16V(Esc.PackEletri', 195),
(637, 'L1H1 2.5DCI 16V(PackEletrico)(', 195),
(638, 'L2H2 2.5DCI 16V (13Lug.)', 195),
(639, 'L2H2 2.5DCI 16V(Conforto8)(13L', 195),
(640, 'L2H2 2.5DCI 16V(Conforto8)(16L', 195),
(641, 'FURGAO 2.1(Ch.Longo)', 196),
(642, 'FURGAO 2.2(Ch.Curto)', 196),
(643, 'FURGAO 2.2(Ch.Longo)', 196),
(644, 'VAN 2.2(Ch.Curto)', 196),
(645, 'FURGAO 2.0(Ch.Curto)', 196),
(646, 'FURGAO EXTRA 2.0(Ch.Curto)', 196),
(647, '1.6', 197),
(648, '1.6(4Lug.)', 198),
(649, '1.4(TotalFlex)(5Lug.)', 199),
(650, 'A200 4X4 2.0 16V XDI-AT', 200),
(651, 'A230 4X2 2.3 16V-AT', 200),
(652, 'SPORT A200 4X4 2.0 16V XDI-AT', 200),
(653, '2.9', 201),
(654, 'GL 4X4(Hard-Top) 2.9TB-IC', 202),
(655, 'GLX 4X4(Hard-Top) 2.9TB-IC', 202),
(656, 'GLX 4X4(Soft-Top) 2.9TB-IC', 202),
(657, 'K200 4X4 2.0 16V XDI-AT', 203),
(658, 'K270 4X4 2.7 16V XDI-AT', 203),
(659, 'DX 4X4 2.9', 204),
(660, 'GL 4X4 2.9TB-IC', 204),
(661, 'GLS 4X4 2.9TB-IC', 204),
(662, 'GLS 4X4 3.2 V-6', 204),
(663, 'GLX 4X4 2.9TB-IC', 204),
(664, 'SX 4X4 2.9', 204),
(665, 'LX 4X4 2.9TB-IC', 205),
(666, 'GLX 4X4 2.9TB-IC(Aut.)', 205),
(667, 'II 270 4X4 XDI 2.7(Aut.)', 206),
(668, 'II 320 4X4 XDI 3.2(Aut.)', 206),
(669, 'RX 270 4X4 XDI 2.7(Aut.)', 206),
(670, 'RX 290 4X4 2.9 TB-IC', 206),
(671, 'RX 320 4X4 3.2', 206),
(672, 'XL 2.0 16v(Aut.)', 207),
(673, 'XS 2.0 16v(Aut.)', 207),
(674, 'XL 2.5 TB (SportShift)', 207),
(675, '1.6 16v', 208),
(676, '1.6 16v(Aut.)', 208),
(677, 'CLASSIC 2.0 16v', 208),
(678, 'GOLD EDITION 2.0 16v', 208),
(679, 'GOLD EDITION 2.0 16v(Aut.)', 208),
(680, 'SPORT 2.0 16v', 208),
(681, 'SPORT 2.0 16v(Aut.)', 208),
(682, 'SPECIAL EDITION 2.0 16v', 208),
(683, 'SPECIAL EDITION 2.0 16v(Aut.)', 208),
(684, '2.0 16v', 208),
(685, '2.0 16v(Aut.)', 208),
(686, '(N.Serie) 2.0 16v', 208),
(687, '(N.Serie) 2.0 16v(Aut.)', 208),
(688, '(N.Serie) 4X4-AT 3.2 V-6', 208),
(689, 'GL 4X2 1.3 16v', 209),
(690, 'WRS 4X4 1.3 16v', 209),
(691, '1.3 16v', 210),
(692, '1.3 16v(N.Serie)', 210),
(693, 'FULL 1.3 16v', 210),
(694, 'STANDARD 1.3 16v', 210),
(695, 'WIDE 1.3 16v', 210),
(696, 'JX 1.3', 211),
(697, 'JX 1.3', 212),
(698, '1.6 16v', 213),
(699, '1.6 16v', 214),
(700, '1.0', 215),
(701, '1.0', 216),
(702, 'JLX 1.6', 217),
(703, 'JLX 1.6', 218),
(704, '1.6 16v', 219),
(705, 'V-6 2.0', 219),
(706, 'OJ50LV (T.Rigido) 4.0', 220),
(707, 'BJ50LV (T.Rigido) 3.7', 220),
(708, 'OJ50L (T.Lona) 4.0', 220),
(709, 'BJ55LP-B (C.Sim) 3.7', 221),
(710, 'BJ55LP-BL3 (C.Sim) 3.7', 221),
(711, 'OJ55LP-BL3 (C.Sim) 4.0', 221),
(712, 'BJ55LP-BL (C.Sim) 3.7', 221),
(713, '4.0 V-6(AT)', 222),
(714, '4X2 2.4', 223),
(715, '4X4 2.4', 223),
(716, '4X4 2.8', 223),
(717, '4X2 2.5TB 16v (N.Serie)', 223),
(718, '4X4 2.5TB 16v (N.Serie)', 223),
(719, '4X2 2.5TB 16v(N.Serie)(Safety', 223),
(720, '4X4 2.5TB 16v(N.Serie)(Safety', 223),
(721, 'DX 4X2 2.7 16v', 223),
(722, 'DX 4X2 3.0', 223),
(723, '4X2 2.5TB 16v', 224),
(724, '4X4 2.5TB 16v', 224),
(725, '4X4 2.5TB 16v(Chassi)', 224),
(726, '2.4 8v', 225),
(727, 'L-4 2.7 16v', 225),
(728, '2.8', 225),
(729, '3.0 V-6 12v', 225),
(730, '3.0 V-6 24v', 225),
(731, '3.0 TB', 225),
(732, '3.4 V-6 24v', 225),
(733, 'SRV-AT 4X4 3.0TB-IC 16v', 226),
(734, 'SRV-AT 4X4 3.0TB-IC 16v(7Lug.)', 226),
(735, 'SRV-MT 4X4 3.0TB-IC 16v', 226),
(736, 'SRV-MT 4X4 3.0TB-IC 16v(7Lug.)', 226),
(737, 'SRV-AT 4X4 4.0 V-6', 226),
(738, '4WD 3.0 TB-IC', 227),
(739, '4WD 4.5 24v', 227),
(740, 'PRADO 4X4(AT) 3.0 TB-IC', 227),
(741, 'PRADO 4X4(MT) 3.0 TB-IC', 227),
(742, '2.0 16v', 228),
(743, '2.0 16v(N.Serie)', 228),
(744, '2.4 16v', 228),
(745, '4.7 32v V-8', 229),
(746, 'LIMITED 5.7 32v V-8', 229),
(747, '4X2 3.3 24v V-6', 230),
(748, 'LIMITED 4WD 3.3 24v V-6', 230),
(749, 'X-RUNNER (Ext.Cab) 3.9 V-6(MT)', 231),
(750, 'X-RUNNER(QuadCab) 3.9 V-6(AT)', 232),
(751, '4X2 3.0TB-Eletr.', 233),
(752, '4X4 3.0TB-Eletr.', 233),
(753, '4X2 3.0TB-Eletr.(Chassi)', 233),
(754, '4X4 3.0TB-Eletr.(Chassi)', 233),
(755, '2.0i(T.Lona)', 234),
(756, '2.0Mi(T.Lona)', 235),
(757, '2.0Mi(T.Rigido)', 235),
(758, '2.8TB-IC(T.Lona)', 235),
(759, '2.8TB-IC(T.Rigido)', 235),
(760, '3.0TB-Eletr.(T.Rigido)', 235),
(761, '2.0Mi(T.Lona)', 236),
(762, '2.0Mi(T.Rigido)', 236),
(763, 'AWD 4X4 3.2 24v(Aut.)', 237),
(764, 'AWD 4X4 2.5 TB-IC(Aut.)', 238),
(765, 'AWD 4X4 3.2 24v(Aut.)', 238),
(766, 'AWD 4X4 4.4 V-8(Aut.)', 238),
(767, 'VOR AWD 4X4 3.2 24v(Aut.)', 238),
(768, 'T-6 AWD 4X4 2.9 BI-TB-IC(Aut.)', 238),
(769, 'T-6 EXECUTIVE AWD 4X4 2.9 BI-T', 238),
(770, '1.6 LUXO(4Lug.)', 239),
(771, 'AVANTGARDE 4.3 V-8', 240),
(772, 'AVANTGARDE 5.0 V-8', 241),
(773, 'AVANTGARDE 5.0 V-8(B4)', 241),
(774, 'AVANTGARDE EXECUTIVE 5.0 V-8', 241),
(775, 'ELEGANCE 5.0 V-8', 241),
(776, 'SPORT 5.0 V-8', 241),
(777, 'AVANTGARDE 5.0 V-8', 242),
(778, 'ELEGANCE 5.0 V-8', 242),
(779, 'AMG 5.5 V-8', 243),
(780, 'AMG 6.2 V-8', 244),
(781, 'AMG 6.2 V-8', 245),
(782, 'AMG 4X4 6.2 V-8', 246),
(783, 'L SPORT 5.0 V-8', 247),
(784, 'SPORT TOURING 5.0 V-8', 247),
(785, '3.2 V-6', 248),
(786, 'CLASSIC 3.2 V-6', 248),
(787, 'L CLASSIC 3.2 V-6', 248),
(788, 'CLASSIC 4.0 V-8', 249),
(789, '5.0 V-8', 250),
(790, '5.0 V-8(N.Serie)', 250),
(791, 'C CLASSIC 5.0 V-8', 250),
(792, 'CLASSIC 5.0 V-8', 250),
(793, 'L 5.0 V-8', 250),
(794, 'L 5.0 V-8(B4)', 250),
(795, 'L 5.0 V-8(N.Serie)', 250),
(796, 'L CLASSIC 5.0 V-8', 250),
(797, 'AMG 5.0 V-8', 251),
(798, '6.0 V-12', 252),
(799, 'C CLASSIC 6.0 V-12', 252),
(800, 'CLASSIC 6.0 V-12', 252),
(801, 'L 6.0 V-12', 252),
(802, 'L CLASSIC 6.0 V-12', 252),
(803, 'AMG 6.2 V-8', 253),
(804, 'L AMG 6.2 V-8', 253),
(805, 'AMG 6.0 V-12', 254),
(806, '65 AMG 6.0 V-12', 255),
(807, '3.2 V-6', 256),
(808, '3.5 V-6', 257),
(809, '5.0 V-8', 258),
(810, '5.0 V-8(N.Serie)', 258),
(811, 'AMG KOMPRESSOR 5.5 V-8', 259),
(812, 'CLASSIC 6.0 V-12', 260),
(813, 'AMG 6.2 V-8', 261),
(814, 'KOMPRESSOR 2.3', 262),
(815, 'KOMPRESSOR 2.3(Aut.)', 262),
(816, '3.5 V-6', 263),
(817, '5.4 V-8', 264),
(818, '1.6 16v', 265),
(819, '1.6 16v(MT)', 266),
(820, '1.6 16v(AT)', 266),
(821, 'S 1.6 16v TB(AT)', 266),
(822, 'S CABRIO 1.6 16v TB(AT)', 266),
(823, 'S CLUBMAN 1.6 16v TB(Tip.)', 266),
(824, '1.6 16v TB(Tiptr.)', 267),
(825, '1.6 16v TB', 267),
(826, 'CLUBMAN 1.6 16v TB(F-1)', 267),
(827, 'GT VR-4 3.0 24v', 268),
(828, 'GT SL 3.0', 268),
(829, '4X4-AT 2.0 TB-IC', 269),
(830, '4X4-AT 2.4 16v', 269),
(831, 'GLXi 1.6 16v', 270),
(832, 'GTI 1.8 16v', 270),
(833, '3.8 V-6 24v', 271),
(834, 'GT 3.8-MT V-6 24v', 271),
(835, 'GS 2.0 16v', 271),
(836, 'GST 2.0 16v TB', 271),
(837, 'GSX 2.0 16v TB', 271),
(838, 'GT 3.0 V-6 24v', 271),
(839, '2.3 16v', 272),
(840, '2.0 16v', 273),
(841, 'VR-6 2.5', 273),
(842, 'ES 2.4 16v', 273),
(843, 'GS 2.0 V-6', 273),
(844, 'EVOLUTION VI 4X4 2.0 TB-IC', 274),
(845, 'EVOLUTION VII 4X4 2.0 TB-IC', 274),
(846, 'EVOLUTION VIII 4X4 2.0 TB-IC', 274),
(847, 'EVOLUTION 4X4 X MR 2.0TB-IC', 274),
(848, 'GLXi 1.6 16v', 274),
(849, 'GTi 1.8 16v', 274),
(850, 'EVOLUTION 2.0 TB', 274),
(851, '3.5-AT V-6', 275),
(852, '3.5 V-6', 275),
(853, '1.8 16v(Flex)', 276),
(854, '1.8 16v(Flex)(Aut.)', 276),
(855, 'SL 1.8 16v(Flex)', 276),
(856, 'SL 1.8 16v(Flex)(Aut.)', 276),
(857, 'G-35 3.5 V-6', 277),
(858, '1.6 16v(Flex)', 278),
(859, '1.8 16v(Flex)(Aut.)', 278),
(860, 'SL 1.6 16v(Flex)', 278),
(861, 'SL 1.8 16v(Flex)(Aut.)', 278),
(862, '30-G 3.0 V-6', 279),
(863, '30-GV 3.0 V-6', 279),
(864, '30-GV 3.0 V-6(N.Serie)', 279),
(865, '30-GV AERO 3.0', 279),
(866, '30-GV LIMITED 3.0 V-6', 279),
(867, '30-GV LIMITED 3.0 V-6(N.Serie)', 279),
(868, '30-J 3.0 V-6', 279),
(869, 'GLE 3.0 24v', 279),
(870, 'GV 3.0 V-6', 279),
(871, 'GXE 3.0 12v', 279),
(872, 'SE 3.0 V-6', 279),
(873, '1.0 16v', 280),
(874, 'GXE 2.0 16v', 281),
(875, 'GXE 3.0 V-6', 282),
(876, 'SE 3.5 V-6 24v', 282),
(877, 'XE 3.0 V-6', 282),
(878, 'EX 1.6 16v', 283),
(879, 'GLE 1.6 16v', 283),
(880, 'GSX 1.6 16v', 283),
(881, 'GXE 1.6 16v', 283),
(882, 'GXE 1.8 16v', 283),
(883, 'SER 2.0 16v', 283),
(884, 'SER 2.5 16v', 283),
(885, '2.0 16V-CVT', 283),
(886, '2.0 16V-MT', 283),
(887, '2.0 16v-MT(Flex)', 283),
(888, 'S 2.0 16V-CVT', 283),
(889, 'S 2.0 16v-CVT(Flex)', 283),
(890, 'S 2.0 16v-MT(Flex)', 283),
(891, 'S 2.0 16V-MT', 283),
(892, '240 2.4', 284),
(893, 'S 1.8 16V-MT 4p', 285),
(894, 'S 1.8 16V-AT 4p', 285),
(895, 'S 1.8 16v-MT(Flex)', 285),
(896, 'S 1.8 16v-AT(Flex)', 285),
(897, 'SL 1.8 16V-MT 4p', 285),
(898, 'SL 1.8 16V-AT 4p', 285),
(899, 'SL 1.8 16v-MT(Flex)', 285),
(900, 'SL 1.8 16v-AT(Flex)', 285),
(901, 'PASSION 1.0', 286),
(902, 'QUIKSILVER 1.0', 286),
(903, 'SELECTION 1.0', 286),
(904, 'SOLEIL 1.0', 286),
(905, 'CJ 1.4', 287),
(906, 'CTi 1.4', 287),
(907, 'GTi 1.4', 288),
(908, 'JUNIOR 1.4', 288),
(909, 'XSi 1.4', 288),
(910, 'CABRIOLET CC 1.6 16v', 289),
(911, 'HATCH PASSION 1.6 8v', 289),
(912, 'HATCH RALLYE 1.6 8v', 289),
(913, 'HATCH SOLEIL 1.6 8v', 289),
(914, 'HATCH 1.4 8v(Flex)', 289),
(915, 'HATCH ALLURE 1.6 16V (Flex)', 289),
(916, 'HATCH FELINE 1.4 8v', 289),
(917, 'ESCAPADE 1.6 16v(Flex)', 290),
(918, 'FELINE 1.6 16v', 290),
(919, 'FELINE 1.6 16v (Flex)', 290),
(920, 'FELINE 1.6 16v (Flex)(Tip)', 290),
(921, 'MOONLIGHT 1.4 8v(Flex)', 290),
(922, 'PRESENCE 1.4 8v', 290),
(923, 'PRESENCE 1.4 8v(Flex)', 290),
(924, 'PRESENCE 1.6 16v', 290),
(925, 'PRESENCE 1.6 16v (Flex)', 290),
(926, 'XR 1.4 8v(Flex)', 291),
(927, 'XR-Sport 1.4 8v(Flex)', 291),
(928, 'XS 1.6 16v(Flex)', 291),
(929, 'XS-A 1.6 16v(Tiptr.)(Flex)', 291),
(930, 'XS-A(Pack) 1.6 16v(Tiptr.)(Fle', 291),
(931, 'PASSION XR 1.4 8v(Flex)', 292),
(932, 'PASSION XR-Sport 1.4 8v(Flex)', 292),
(933, 'PASSION XS 1.6 16v(Flex)', 292),
(934, 'PASSION XS-A 1.6 16v(Flex)(Tip', 292),
(935, 'PASSION XS-A(Pack) 1.6 16v(Fle', 292),
(936, 'ESCAPADE 1.6 16v(Flex)', 293),
(937, 'XR 1.4 8v(Flex)', 293),
(938, 'XR-Sport 1.4 8v(Flex)', 293),
(939, 'XS-A 1.6 16v(Tiptr.)(Flex)', 293),
(940, 'XS-A(Pack) 1.6 16v(Tiptr.)(Fle', 293),
(941, 'HATCH GTI 2.0 16v', 294),
(942, 'HATCH Mi 16v', 294),
(943, 'HATCH PASSION 1.8 16v', 294),
(944, 'SEDAN PASSION 1.8 16v', 294),
(945, 'HATCH RALLYE 1.8 16v', 294),
(946, 'HATCH SELECTION 1.8 16v', 294),
(947, 'SEDAN SELECTION 1.8 16v', 294),
(948, 'HATCH SOLEIL 1.8 16v', 294),
(949, 'SEDAN SOLEIL 1.8 16v', 294),
(950, 'SEDAN SL 1.8i', 294),
(951, 'SEDAN SR 1.8i', 294),
(952, 'SEDAN ST 1.8i', 294),
(953, 'HATCH XN 1.8i', 294),
(954, 'HATCH XR 1.8', 294),
(955, 'HATCH XS 1.6', 294),
(956, 'HATCH XSi 2.0', 294),
(957, 'PASSION 1.8 16v', 295),
(958, 'SOLEIL 1.8 16v', 295),
(959, 'XR 1.8', 295),
(960, '1.8', 296),
(961, '2.0', 296),
(962, 'CC 2.0 16v', 297),
(963, 'CC 2.0 16v (Aut.)', 297),
(964, 'RALLYE 1.6 16v', 298),
(965, 'PASSION 1.6 16v', 298),
(966, 'SOLEIL 1.6 16v', 298),
(967, 'FELINE 2.0 16v', 298),
(968, 'FELINE 2.0 16v(Aut.)', 298),
(969, 'FELINE 2.0 16v(Flex)', 298),
(970, 'FELINE 2.0 16v(Flex)(Aut.)', 298),
(971, 'GRIFFE 2.0 16v(Tiptron.)', 298),
(972, 'PRESENCE 1.6 16v', 298),
(973, 'PRESENCE 1.6 16v(Flex)', 298),
(974, 'FELINE 2.0 16v', 299),
(975, 'FELINE 2.0 16v(Aut.)', 299),
(976, 'FELINE 2.0 16v(Flex)', 299),
(977, 'FELINE 2.0 16v(Flex)(Aut.)', 299),
(978, 'GRIFFE 2.0 16v(Tiptron.)', 299),
(979, 'PRESENCE 1.6 16v(Flex)', 299),
(980, 'PRESENCE(Pack) 1.6 16v(Flex)', 299),
(981, 'PRESENCE(Pack) 2.0 16v(Flex)(T', 299),
(982, '2.0 16v', 300),
(983, '2.0 16v(Aut.)', 300),
(984, 'ALLURE 2.0 16v', 300),
(985, 'ALLURE 2.0 16v (Tiptr)', 300),
(986, 'FELINE 2.0 16v (Tiptr)', 300),
(987, 'SRi 2.0', 301),
(988, 'GL 1.6', 302),
(989, 'GLi 1.6', 302),
(990, 'GRi 1.8', 302),
(991, 'SRi 1.8', 302),
(992, 'SRi 2.0', 302),
(993, 'STi 2.0', 302),
(994, 'Mi 2.0 16v', 302),
(995, 'ST 2.0 16v', 303),
(996, '3.0 V-6 24v', 303),
(997, 'FAMILIALE 2.0 16v', 303),
(998, '3.0 V-6 24v', 304),
(999, '3.0 V-6 24v(N.Serie)', 304),
(1000, '2.0 16v', 305),
(1001, '3.0 V-6 24v', 305),
(1002, 'ST 2.0 16v', 305),
(1003, 'SVM 2.0 16v', 305),
(1004, 'SVA 2.0 16v', 305),
(1005, 'SVA 3.0 24v', 305),
(1006, 'SVE 3.0 24v', 305),
(1007, '2.0 16v(Aut.)', 306),
(1008, '3.0 V-6(Aut.)', 306),
(1009, 'ALLURE 2.0 16v (Tiptr)', 306),
(1010, 'FELINE 3.0 V-6 (Tiptr)', 306),
(1011, 'GRIFFE 3.0 V-6 (Tiptr)', 306),
(1012, '2.0 16v(Aut.)', 307),
(1013, '3.0 V-6(Aut.)', 307),
(1014, 'ALLURE 2.0 16v (Tiptr)', 307),
(1015, 'FELINE 3.0 V-6 (Tiptr)', 307),
(1016, 'SRi', 308),
(1017, 'SRi 2.0', 309),
(1018, 'SRi 3.0', 309),
(1019, 'SV 3.0', 309),
(1020, 'SV-E 3.0 V-6', 309),
(1021, '3.0 V-6', 310),
(1022, 'ST 2.0 TB', 311),
(1023, '2.0 16v', 312),
(1024, '2.4 16v', 313),
(1025, 'GXP 2.0TB', 313),
(1026, 'COUPE 3.6', 314),
(1027, 'COUPE 3.6(Tiptr.)', 314),
(1028, 'COUPE 3.6(320cv)', 314),
(1029, 'COUPE 3.6(Tiptr.320cv)', 314),
(1030, 'S COUPE 3.6', 314),
(1031, 'S COUPE 3.6(Tiptr.)', 314),
(1032, 'S COUPE 3.8', 314),
(1033, 'S COUPE 3.8(Tiptr.)', 314),
(1034, 'S COUPE 3.8(PDK)', 314),
(1035, '4 S CABRIOLET 3.6(320cv)', 314),
(1036, '4 S CABRIOLET 3.6(Tiptr.320cv)', 314),
(1037, '4 S CABRIOLET 3.8', 314),
(1038, 'COUPE 3.4', 315),
(1039, 'COUPE 3.4(Tiptr.)', 315),
(1040, 'CABRIOLET 3.4', 315),
(1041, 'CABRIOLET 3.4(Tiptr.)', 315),
(1042, 'COUPE 3.4', 316),
(1043, 'COUPE 3.4(Tiptr.)', 316),
(1044, 'CABRIOLET 3.4', 316),
(1045, 'CABRIOLET 3.4(Tiptr.)', 316),
(1046, 'STREET VERSION', 317),
(1047, '3.6', 317),
(1048, '3.6', 318),
(1049, 'RS 3.6', 318),
(1050, '3.6', 319),
(1051, '3.6(Tiptr.)', 319),
(1052, '3.6(320cv)', 319),
(1053, '3.6(Tiptr.320cv)', 319),
(1054, 'S 3.6', 320),
(1055, 'S 3.8(PDK)', 320),
(1056, 'S 3.6(Tiptr.)', 320),
(1057, 'CABRIOLET 3.6', 321),
(1058, 'CABRIOLET 3.6(Tiptr.)', 321),
(1059, 'CABRIOLET 3.6(480cv)', 321),
(1060, 'CABRIOLET 3.6(PDK)', 321),
(1061, 'CABRIOLET 3.6(Tip.480cv)', 321),
(1062, 'COUPE 3.6', 321),
(1063, 'COUPE 3.6(PDK)', 321),
(1064, 'COUPE 3.6(Tiptr.)', 321),
(1065, 'COUPE 3.6(480cv)', 321),
(1066, 'COUPE 3.6(Tip.480cv)', 321),
(1067, 'COUPE 3.6(420cv)', 321),
(1068, 'COUPE 3.6(Tiptr.420cv)', 321),
(1069, 'CABRIOLET 3.6(450cv)', 322),
(1070, 'CABRIOLET 3.6(Tiptr.450cv)', 322),
(1071, 'COUPE 3.6(450cv)', 322),
(1072, 'COUPE 3.6(Tiptr.450cv)', 322),
(1073, '2.5', 323),
(1074, '2.5(Tiptr.)', 323),
(1075, '2.7', 323),
(1076, '2.7(240cv)', 323),
(1077, '2.7(Tiptr.)', 323),
(1078, '2.7(Tiptr.240cv)', 323),
(1079, '2.9', 323),
(1080, '2.9(PDK)', 323),
(1081, 'S 3.2', 323),
(1082, 'S 3.2(280cv)', 323),
(1083, 'S 3.2(Tiptr.)', 323),
(1084, '2.7', 324),
(1085, '2.7(Tiptr.)', 324),
(1086, '2.9', 324),
(1087, '2.9(PDK)', 324),
(1088, 'S 3.4', 324),
(1089, 'S 3.4(PDK)', 324),
(1090, 'S 3.4(Tiptr.)', 324),
(1091, 'SEDAN RT 1.8i', 325),
(1092, 'HATCH RN 1.6', 325),
(1093, 'RL 1.6(Imp.)', 326),
(1094, 'RN 1.6(Imp.)', 326),
(1095, 'RT 1.6(Imp.)', 326),
(1096, 'AUTHENTIQUE 1.6 16v(Hi-Flex)', 327),
(1097, 'EXPRESSION 1.6 16v(Hi-Flex)', 327),
(1098, 'PRIVILEGE 1.6 16v(Hi-Flex)', 327),
(1099, '1.6 16v(S.Ltda)(Hi-Flex)', 327),
(1100, '1.0 16v(Alize)', 327),
(1101, '1.0 16v(Alize)(Hi-Power)', 327),
(1102, '1.0 16v(OBoticario)', 327),
(1103, '1.6 16v(Alize)', 327),
(1104, 'DYNAMIQUE 2.0 16v', 328),
(1105, 'DYNAMIQUE(Pack Comfort) 2.0 16', 328),
(1106, 'PRIVILEGE V-6 3.0 24v', 329),
(1107, 'RT 2.0 8v', 329),
(1108, 'RXE 2.0 8v', 329),
(1109, 'RXE 2.0 16v', 329),
(1110, 'RXE-S 2.0 16v', 329),
(1111, 'V-6 3.0 24v', 329),
(1112, 'RT 2.0 16v', 330),
(1113, 'RXE 2.0 16v', 330),
(1114, 'GRAND TOUR PRIVILEGE V-6 3.0 2', 331),
(1115, 'AUTHENTIQUE 1.0 16v(Hi-Flex)', 332),
(1116, 'AUTHENTIQUE (PackPlus)(Hi_Flex', 332),
(1117, 'AUTHENTIQUE 1.6 8v(Hi-Torque)', 332),
(1118, 'EXPRESSION 1.0 16v(Hi-Flex)', 332),
(1119, 'EXPRESSION 1.6 8v(Hi-Torque)', 332),
(1120, 'EXPRESSION (Pack)1.0 16v(Hi-Fl', 332),
(1121, 'EXPRESS.(Expres. Pack) 1.6 8v(', 332),
(1122, 'PRIVILEGE 1.6 16(Hi-Flex)', 332),
(1123, 'DYNAMIQUE 2.0 16v', 333),
(1124, 'DYNAMIQUE 1.6 16v(Hi-Flex)', 334),
(1125, 'DYNAMIQUE 2.0 16v', 334),
(1126, 'DYNAMIQUE 2.0 16v(Aut.)', 334),
(1127, 'EXPRESSION 1.6 16v(Hi-Flex)', 334),
(1128, 'EXTREME 1.6 16v(Hi-Flex)', 334),
(1129, 'EXTREME 2.0 16v', 334),
(1130, 'EXTREME 2.0 16v(Aut.)', 334),
(1131, 'PRIVILEGE 2.0 16v(Aut.)', 334),
(1132, 'RN 1.6 8v', 335),
(1133, 'RT 1.6 8v', 335),
(1134, 'RXE 2.0 8v', 335),
(1135, 'EXPRESSION 1.6 16v', 335),
(1136, 'RT 1.6 16v', 335),
(1137, 'RT(Alize)1.6 16v', 335),
(1138, 'RXE 1.6 16v', 335),
(1139, 'RXE(Egeus)1.6 16v', 335),
(1140, '1.6 16v(S.Ltda)(Hi-Flex)', 336),
(1141, 'ALIZE 1.6 16v', 336),
(1142, 'AUTHENTIQUE 1.6 16v', 336),
(1143, 'AUTHENTIQUE 1.6 16v(Hi-Flex)', 336),
(1144, 'AUTHENTIQUE 1.6 16v(DVD)(Hi-Fl', 336),
(1145, 'AUTHENTIQUE 1.6 16v(Kids)(Hi-F', 336),
(1146, 'EXPRESSION 1.6 16v', 336),
(1147, 'EXPRESSION 1.6 16v(Aut.)', 336),
(1148, 'EXPRESSION 1.6 16v(Hi-Flex)', 336),
(1149, 'EXPRESSION 2.0 16v', 336),
(1150, 'EXPRESSION 2.0 16v(Aut.)', 336),
(1151, 'RT 2.0 8v', 337),
(1152, 'DYNAMIQUE 1.6 16v(Hi-Flex)', 337),
(1153, 'DYNAMIQUE 2.0 16v', 337),
(1154, 'DYNAMIQUE 2.0 16v(Aut.)', 337),
(1155, 'EXPRESSION 1.6 16v(Hi-Flex)', 337),
(1156, 'EXPRESSION 2.0 16v', 337),
(1157, 'EXPRESSION 2.0 16v(Aut.)', 337),
(1158, 'EXPRESSION(Pack) 1.6 16v(Hi-Fl', 337),
(1159, 'EXPRESSION(Pack) 2.0 16v(Aut.)', 337),
(1160, 'EXPRESSION(Plus) 2.0 16v', 337),
(1161, 'EXTREME 1.6 16v(Hi-Flex)', 337),
(1162, 'EXTREME 2.0 16v', 337),
(1163, 'EXTREME 2.0 16v(Aut.)', 337),
(1164, 'PRIVILEGE 2.0 16v', 337),
(1165, 'PRIVILEGE 2.0 16v(Aut.)', 337),
(1166, 'AUTHENTIQUE 1.0 16v(Hi-Flex)', 338),
(1167, 'AUTHENT.(PackPlus) 1.0 16v(Hi-', 338),
(1168, 'AUTHENTIQUE 1.6 8v(Hi-Torque)', 338),
(1169, 'AUTHENT.(PackPlus) 1.6 8v(Hi-T', 338),
(1170, 'EXPRESSION 1.0 16v(Hi-Flex)', 338),
(1171, 'EXPRESSION(Pack) 1.0 16v(Hi-Fl', 338),
(1172, 'EXPRESSION 1.6 8v(Hi-Torque)', 338),
(1173, 'EXPRESSION 1.6 8v(Hi-Torque)', 339),
(1174, 'EXPRESSION 1.6 16v(Hi-Flex)', 339),
(1175, 'PRIVILEGE 1.6 16v(Hi-Flex)', 339),
(1176, '1.2', 340),
(1177, '1.2mpi', 340),
(1178, '1.2mpi(Pack)', 340),
(1179, 'INITIALE 1.0 16v', 340),
(1180, '1.0 8v(Pack)', 340),
(1181, '1.0 16v(Pack)', 340),
(1182, '2.4 16V(Aut.)', 341),
(1183, '1.6', 342),
(1184, 'GLX 1.8', 342),
(1185, 'SXE 1.8', 342),
(1186, '1.6', 343),
(1187, '1.0i', 344),
(1188, '1.0i 16V', 344),
(1189, '1.6', 344),
(1190, 'GLX 1.8', 344),
(1191, 'SXE 1.8', 344),
(1192, 'FORTWO 1.0TB', 345),
(1193, 'Brabus CABRIO 0.8 TB', 345),
(1194, 'CABRIO 0.6 TB', 345),
(1195, 'CITY 0.6 TB', 345),
(1196, 'CABRIO FORTWO 1.0TB 12v-AT', 346),
(1197, 'COUPE FORTWO 1.0TB 12v-AT', 346),
(1198, '3.2 V-6', 347),
(1199, '2.0 16v', 348),
(1200, '2.0 16v(Aut.)', 348),
(1201, '2.0 16v TB', 348),
(1202, '2.0 16v TB(Aut.)', 348),
(1203, 'XT 2.5 TB AT', 348),
(1204, 'R 4X4 1.5 16v MT', 349),
(1205, 'R 4X4 1.5 16v AT', 349),
(1206, 'R 4X4 2.0 16v MT', 349),
(1207, 'R 4X4 2.0 16v AT', 349),
(1208, 'WRX 4X4 2.5 16v TB', 349),
(1209, 'WRX STI 4X4 2.5 16v TB MT', 349),
(1210, 'GL 4X2 1.6 16v', 350),
(1211, 'GL 4X2 1.8 16v', 350),
(1212, 'GL 4X4 1.8 16v', 350),
(1213, 'GL 4X2 2.0', 350),
(1214, 'GL 4X4 2.0 16v', 350),
(1215, 'GT 4X4 2.0 TB', 350),
(1216, 'GX 4X4 2.0 16v', 350),
(1217, 'R 4X4-AT 2.0 16v', 350),
(1218, 'RX 4X4 2.0 16v', 350),
(1219, 'WRX 4X4 2.0 16v TB', 350),
(1220, 'WRX 4X4 2.5 16v TB', 350),
(1221, 'GL 4X4 1.8 16v', 351),
(1222, 'GL 4X4 2.0 16v', 351),
(1223, 'GT 4X4 2.0 TB', 351),
(1224, 'GX 4X4 2.0 16v', 351),
(1225, 'WRX 4X4 2.0 16v TB', 351),
(1226, 'WRX 4X4 2.5 16v TB', 351),
(1227, 'GL 4X4 1.6 16v', 351),
(1228, '2.5 16v', 352),
(1229, '2.5 16v(Aut.)', 352),
(1230, '2.5 16v(Tip.)', 352),
(1231, '3.0 H-6(Aut.)', 352),
(1232, 'AWD 4X4 3.0 R(Aut.)', 352),
(1233, '4X4 3.0 H-6(Aut.)', 353),
(1234, 'AWD 4X4 3.0 R(Aut.)', 353),
(1235, 'GL 4X2 1.8', 353),
(1236, 'GL 4X2 2.0', 353),
(1237, 'GL 4X4 2.0 16v', 353),
(1238, 'GLS 4X2 2.0', 353),
(1239, 'GX 4X4 2.2 16v', 353),
(1240, 'GX 4X4 2.5 16v', 353),
(1241, 'GL 4X2 2.0', 354),
(1242, 'GL 4X4 2.0 16v', 354),
(1243, 'GX 4X4 2.2 16v', 354),
(1244, 'GX 4X4 2.5 16v', 354),
(1245, '4X4 3.3 24v', 355),
(1246, 'LIMITED AWD 3.6 V-6', 356),
(1247, 'GLi 0.66', 357),
(1248, '1.6 16v', 358),
(1249, 'GLX 1.6 16v', 359),
(1250, 'GLX 1.6 16v(N.Serie)', 359),
(1251, 'GLX 1.6 16v', 360),
(1252, 'GLX 1.6 16v(N.Serie)', 360),
(1253, 'HATCH GTi 1.3 16v', 361),
(1254, 'CONVERSIVEL GTi 1.3 16v', 361),
(1255, '1.0', 362),
(1256, '1.3', 362),
(1257, '1.6 16v', 363),
(1258, '1.3', 363),
(1259, 'LE 2.2 16v', 364),
(1260, 'XLE 3.0 24v', 364),
(1261, 'XLE 3.5 V-6', 364),
(1262, '1.8 16v', 365),
(1263, '1.8 16v(Aut.)', 365),
(1264, 'S 1.8 16v', 365),
(1265, 'S 1.8 16v(Aut.)', 365),
(1266, 'SE-G 1.8 (Flex)(Aut)', 365),
(1267, 'XEI 1.8 16v(Flex)', 365),
(1268, 'XEI 1.8 16v(Flex)(Aut)', 365),
(1269, 'GLi 1.6 16v', 366),
(1270, 'DX 1.6 16v', 366),
(1271, 'LE 1.8 16v', 366),
(1272, 'LE 2.2 16v', 366),
(1273, 'S 1.8 16v', 366),
(1274, 'S 1.8 16v(Aut.)', 366),
(1275, 'SE-G 1.8 16v', 366),
(1276, 'SE-G 1.8 16v(Aut.)', 366),
(1277, 'SE-G 1.8 16v(N.Serie Aut.)', 366),
(1278, 'SE-G 1.8 16v(Flex)(N.Serie Aut', 366),
(1279, 'XEi 1.8 16v', 366),
(1280, 'DX 1.6 16v', 367),
(1281, 'GLi 1.6 16v', 367),
(1282, 'XLi 1.6 16v', 367),
(1283, 'LE 1.8 16v', 367),
(1284, 'GLi 2.0 16v', 368),
(1285, 'TB 1.8', 369),
(1286, 'GLT 2.0', 369),
(1287, 'GLE 2.5 20v(Aut.)', 370),
(1288, 'GLT 2.5 20v(Aut.)', 370),
(1289, 'R 2.3 TB', 370),
(1290, 'T-5 R 2.5 BI-TB', 370),
(1291, 'TB 2.3 20v', 370),
(1292, 'GLE 2.5 20v(Aut.)', 371),
(1293, 'GLT 2.5 20v(Aut.)', 371),
(1294, 'R 2.3 TB', 371),
(1295, 'T-5 R 2.5 BI-TB', 371),
(1296, 'TB 2.3 20v', 371),
(1297, 'TB 3.0', 372),
(1298, 'TB 3.0', 373),
(1299, 'V-6 3.0 24v(Aut.)', 374),
(1300, '2.0', 375),
(1301, '2.0(Aut.)', 375),
(1302, '2.4i(Aut.)', 375),
(1303, 'T-5 2.5 TB', 375),
(1304, 'T-5 2.5 TB(Aut.)', 375),
(1305, '2.3(Aut)', 376),
(1306, 'CABRIO 2.3(Aut.)', 376),
(1307, 'T-5 2.5 TB(Aut.)', 376),
(1308, '1.8', 377),
(1309, '2.0', 377),
(1310, '2.0(Aut.)', 377),
(1311, '2.0 TB(Aut.)', 377),
(1312, '2.4i(Aut.)', 377),
(1313, '2.4i(140cv)(Aut.)', 377),
(1314, '2.4i LS(140cv)(Aut.)', 377),
(1315, 'T-4 1.9 TB', 377),
(1316, 'T-4 1.9 TB(Aut.)', 377),
(1317, '2.0 TB(Aut.)', 378),
(1318, '2.4 TB(Aut.)', 378),
(1319, '2.5 TB(Aut.)', 378),
(1320, 'R 2.5', 378),
(1321, 'R 2.5(Aut.)', 378),
(1322, 'T-5 2.3 TB(Aut.)', 378),
(1323, '2.5(Aut.)', 379),
(1324, 'R 2.3 20v TB(Aut.)', 379),
(1325, 'T-5 2.3 TB(Aut.)', 379),
(1326, '2.9 V-6 24v(Aut.)', 380),
(1327, '3.2 V-6(Aut.)', 380),
(1328, '4.4 V-8(Aut.)', 380),
(1329, 'T-6 2.8 24v BI-TB(Aut.)', 380),
(1330, 'T-6 EXECUTIVE 2.8 24v BI-TB(Au', 380),
(1331, '1.8', 381),
(1332, '2.0', 381),
(1333, '2.0(Aut.)', 381),
(1334, '2.0 TB', 381),
(1335, '2.0 TB(Aut.)', 381),
(1336, 'T-4 1.9 TB', 381),
(1337, 'T-4 2.0 TB(Aut.)', 381),
(1338, '2.4i(Aut.)', 382),
(1339, '2.4(140cv)(Aut.)', 382),
(1340, 'T-5 2.5 TB(Aut.)', 382),
(1341, '2.0 TB(Aut.)', 383),
(1342, 'PREMIUM 2.4 TB(Aut.)', 383),
(1343, '2.5(Aut.)', 383),
(1344, '2.5 TB(Aut.)', 383),
(1345, 'R AWD 4X4 2.3 TB', 383),
(1346, 'R AWD 4X4 2.5', 383),
(1347, 'R AWD 4X4 2.5(Aut.)', 383),
(1348, 'T-5 2.3 TB(Aut.)', 383),
(1349, 'XC AWD 4X4 2.5(Aut.)', 383),
(1350, 'XC AWD 4X4 CROSS COUNTRY 2.4 T', 383),
(1351, 'COMFORT AWD 4X4 3.0 TB(Aut.)', 384),
(1352, 'DYNAMIC AWD 4X4 3.0 TB(Aut.)', 384),
(1353, 'TOP AWD 4X4 3.0 TB(Aut.)', 384),
(1354, 'AWD 4X4 2.5 TB(Aut.)', 385),
(1355, '1600', 386),
(1356, 'BIZ', 387),
(1357, 'BIZ+', 387),
(1358, 'BIZ-ES', 387),
(1359, 'DREAM', 387),
(1360, 'BIZ+', 388),
(1361, 'BIZ-ES', 388),
(1362, 'BIZ-KS', 388),
(1363, 'SUPER FOUR', 389),
(1364, 'SUPER FOUR(ABS)', 389),
(1365, 'R', 390),
(1366, 'CB 400', 391),
(1367, 'CB 450', 392),
(1368, 'DX', 392),
(1369, 'TR', 392),
(1370, 'CB 500', 393),
(1371, 'LIMITED EDITION', 393),
(1372, 'F HORNET', 394),
(1373, 'F HORNET(ABS)', 394),
(1374, 'F HORNET(STD)', 394),
(1375, 'F HORNET', 395),
(1376, 'F', 396),
(1377, 'RR FIREBLADE(ABS)', 396),
(1378, 'RR FIREBLADE(STD)', 396),
(1379, 'RR FIREBLADE(Repsol)', 396),
(1380, 'RR REPSOL', 396),
(1381, 'XX SUPER BLACKBIRD', 397),
(1382, 'CBR 450', 398),
(1383, 'SR', 398),
(1384, 'F', 399),
(1385, 'RR', 399),
(1386, 'RR', 400),
(1387, 'RR FIREBLADE', 400),
(1388, 'RR', 401),
(1389, 'RR FIREBLADE', 402),
(1390, 'AERO', 403),
(1391, 'STRADA', 404),
(1392, 'TWISTER', 405),
(1393, 'FOUR', 406),
(1394, 'FOUR INDY', 406),
(1395, 'CG 125', 407),
(1396, 'CARGO', 407),
(1397, 'CARGO-ES', 407),
(1398, 'CARGO-KS', 407),
(1399, 'FAN', 407),
(1400, 'FAN-ES', 407),
(1401, 'FAN-KS', 407),
(1402, 'TODAY', 407),
(1403, 'TITAN', 407),
(1404, 'TITAN-ES', 407),
(1405, 'JOB', 408),
(1406, 'SPORT', 408),
(1407, 'TITAN(Edi?Ã†oEspecial)', 408),
(1408, 'TITAN-ES', 408),
(1409, 'TITAN-ES MIX A/G', 408),
(1410, 'TITAN-ESD', 408),
(1411, 'TITAN-ESD MIX A/G', 408),
(1412, 'TITAN-KS', 408),
(1413, 'TITAN-KS MIX A/G', 408),
(1414, 'SPACY', 409),
(1415, '1500', 410),
(1416, '1800', 410),
(1417, 'GL 1800', 410),
(1418, '110', 411),
(1419, 'MAGNA 750', 412),
(1420, 'ML 125', 413),
(1421, 'NX 150', 414),
(1422, 'NX 200', 415),
(1423, 'SAHARA', 416),
(1424, 'FALCON 400', 417),
(1425, '125 BROS-ES', 418),
(1426, '125 BROS-KS', 418),
(1427, 'BROS-ES', 419),
(1428, '150 BROS-ESD', 419),
(1429, 'BROS-KS', 419),
(1430, '(Motoneta)', 420),
(1431, '150cc', 421),
(1432, '750', 422),
(1433, 'VT 1100', 422),
(1434, '750', 423),
(1435, '1000', 424),
(1436, '1500', 425),
(1437, 'C SHADOW', 426),
(1438, '1800-C', 427),
(1439, 'VARADERO', 428),
(1440, 'DUTY', 429),
(1441, 'S', 429),
(1442, 'XL 250', 430),
(1443, 'XL 350', 431),
(1444, 'XLR 125', 432),
(1445, 'ES', 432),
(1446, 'R', 433),
(1447, 'R', 434),
(1448, 'R', 435),
(1449, 'TORNADO', 436),
(1450, 'XR 650', 437),
(1451, 'XRE 300', 438),
(1452, 'TD 4X2', 439),
(1453, 'TD 6X2 3e', 439),
(1454, 'D-RS 4X2(3Cil.)', 440),
(1455, 'D-RD 4X2', 441),
(1456, 'D-RS 4X2(3Cil.)', 442),
(1457, 'D-RS 4X2', 443),
(1458, '4X2', 444),
(1459, '4X2', 445),
(1460, '4X2', 446),
(1461, '6X2 3e', 446),
(1462, '4X2', 447),
(1463, '6X2 3e', 447),
(1464, '4X2', 448),
(1465, '6X2 3e', 448),
(1466, 'TB 4X2', 449),
(1467, 'TB 6X2 3e', 449),
(1468, '4X2', 450),
(1469, '6X2 3e', 450),
(1470, '6X2 3e', 451),
(1471, '6X2 3e', 452),
(1472, '4X2', 453),
(1473, 'C-60', 454),
(1474, '4X2', 455),
(1475, '4X2', 456),
(1476, '6X2 3e', 456),
(1477, '4X2', 457),
(1478, '6X2 3e', 457),
(1479, '4X2', 458),
(1480, '6X2 3e', 458),
(1481, '4X2', 459),
(1482, '6X2 3e', 459),
(1483, '4X2', 460),
(1484, '6X2 3e', 460),
(1485, '4X2', 461),
(1486, '6X2 3e', 461),
(1487, '4X2', 462),
(1488, '6X2 3e', 462),
(1489, '4X2', 463),
(1490, '6X2 3e', 463),
(1491, 'T 4X2', 464),
(1492, 'T 6X2 3e', 464),
(1493, 'E 4X2', 464),
(1494, 'E 6X2 3e', 464),
(1495, '4X2', 465),
(1496, '6X2 3e', 465),
(1497, '4X2', 466),
(1498, '6X2 3e', 466),
(1499, '4X2', 467),
(1500, '6X2 3e', 467),
(1501, '4X2', 468),
(1502, '6X2 3e', 468),
(1503, '4X2', 469),
(1504, '6X2 3e', 469),
(1505, '4X2', 470),
(1506, '6X2 3e', 470),
(1507, '4X2', 471),
(1508, '6X2 3e', 471),
(1509, 'T 4X2', 472),
(1510, 'T 6X2 3e', 472),
(1511, 'E 6X2 3e', 472),
(1512, 'E 4X2', 472),
(1513, '4X2', 473),
(1514, '6X2 3e', 473),
(1515, '4X2', 474),
(1516, '6X2 3e', 474),
(1517, '4X2', 475),
(1518, '6X2 3e', 475),
(1519, '4X2', 476),
(1520, '6X2 3e', 476),
(1521, '4X2', 477),
(1522, '6X2 3e', 477),
(1523, '4X2', 478),
(1524, '6X2 3e', 478),
(1525, '4X2', 479),
(1526, '6X2 3e', 479),
(1527, '4X2', 480),
(1528, '6X2 3e', 480),
(1529, '4X2', 481),
(1530, '6X2 3e', 481),
(1531, 'T 4X2', 482),
(1532, 'T 6X2 3e', 482),
(1533, '4X2', 483),
(1534, '6X2 3e', 483),
(1535, 'E 4X2', 484),
(1536, 'E 6X2 3e', 484),
(1537, '4X2', 485),
(1538, '6X2 3e', 485),
(1539, '4X2', 486),
(1540, '6X2 3e', 486),
(1541, '6X2 3e', 487),
(1542, '6X2 3e', 488),
(1543, '6X2 3e', 489),
(1544, '6X2 3e', 490),
(1545, '6X4 3e', 491),
(1546, '6X2 3e', 492),
(1547, '6X4 3e', 493),
(1548, 'E 6X2 3e', 493),
(1549, '6X4 3e', 494),
(1550, 'E 6X2 3e', 495),
(1551, '6X4 3e', 496),
(1552, 'E 6X4 3e', 496),
(1553, '6X4 3e', 497),
(1554, '6X4 3e', 498),
(1555, '6X4 3e', 499),
(1556, 'E 6X4 3e', 500),
(1557, '6X4 3e', 501),
(1558, 'E 6X4 3e', 502),
(1559, 'TB 4X2', 503),
(1560, '4X2', 504),
(1561, '4X2', 505),
(1562, '4X2', 506),
(1563, '4X2(N.Serie)', 506),
(1564, '4X2', 507),
(1565, '4X2(MaxTon)', 508),
(1566, '4X2(MaxTon)', 509),
(1567, 'E 4X2', 510),
(1568, 'E 4X2', 511),
(1569, '6X4', 512),
(1570, 'E 6X4', 513),
(1571, 'E 6X4 3e', 514),
(1572, '4X2', 515),
(1573, '4X2', 516),
(1574, '4X2(Vuc)', 516),
(1575, 'T 4X2', 517),
(1576, 'S 4X2 VUC', 517),
(1577, 'E 4X2', 517),
(1578, '4X2', 518),
(1579, '6X2 3e', 518),
(1580, '4X2', 519),
(1581, '6X2 3e', 519),
(1582, '4X2(S.Especial)', 519),
(1583, '4X2(N.Serie)', 519),
(1584, '6X2 3e(N.Serie)', 519),
(1585, '4X2', 520),
(1586, '6X2 3e', 520),
(1587, '4X2', 521),
(1588, '6X2 3e', 521),
(1589, 'HD 6X2 3e', 521),
(1590, '4X2(N.Serie)', 521),
(1591, '4X2', 522),
(1592, '6X2 3e', 522),
(1593, '4X2', 523),
(1594, '6X2 3e', 523),
(1595, '4X2', 524),
(1596, '6X2 3e', 525),
(1597, '6X2 3e', 526),
(1598, '4X2 7.3 V-8', 527),
(1599, '4X2', 527),
(1600, '4X2', 528),
(1601, '4X2(C.Dup.)', 529),
(1602, '4X2', 530),
(1603, '4X2', 531),
(1604, 'TURBO 4X2(N.Serie)', 531),
(1605, '4X4 TURBO(N.Serie)(Cummins)', 531),
(1606, 'TURBO 4X2(CUMMINS)', 531),
(1607, 'TURBO 4X2(MWM)', 531),
(1608, '4X2', 532),
(1609, '4X2', 533),
(1610, '4X2', 534),
(1611, '4X2', 535),
(1612, 'TB 4X2', 536),
(1613, 'TB 6X2 3e', 536),
(1614, 'TB 4X2', 537),
(1615, 'TB 6X2 3e', 537),
(1616, 'TB 4X2', 538),
(1617, 'TB 6X2 3e', 538),
(1618, 'TB 4X2', 539),
(1619, 'TB 6X2 3e', 539),
(1620, '4X2', 540),
(1621, 'TB 4X2', 541),
(1622, 'TB 4X2', 542),
(1623, 'GL 2.6', 543),
(1624, 'GLS 2.6', 544),
(1625, '4X2 16T', 545),
(1626, '6X2(3Eixos)', 545),
(1627, '4X2', 546),
(1628, '6X2(3Eixos)', 546),
(1629, '4X2', 547),
(1630, '6X4(3Eixos)', 547),
(1631, '4X2', 548),
(1632, '6X4(3Eixos)', 548),
(1633, '4X2', 549),
(1634, '4X2', 550),
(1635, '4X2', 551),
(1636, 'E 4X2', 551),
(1637, 'H 4X2', 551),
(1638, 'T 4X2', 551),
(1639, '4X2', 552),
(1640, 'S 4X2', 552),
(1641, '35.13(Curto)', 553),
(1642, '35S14', 553),
(1643, '49.10(Curto)', 553),
(1644, '49.12(Curto)', 553),
(1645, '49.12(Longo)', 553),
(1646, '50.13(Curto)', 553),
(1647, '45S14', 553),
(1648, '55C16', 553),
(1649, '70C16(Exclusive)', 553),
(1650, '70C16(Luxo)', 553),
(1651, '60.12(Longo)', 553),
(1652, '60.13(Longo)', 553),
(1653, '35.10(Curto)', 554),
(1654, '35.13(Curto)', 554),
(1655, '49.12(Longo)', 554),
(1656, '50.13(Curto)', 554),
(1657, '70.12(Longo)', 554),
(1658, '70.13(Longo)', 554),
(1659, '120-E15 4X2', 555),
(1660, '120-E15 6X2 3e', 555),
(1661, '150-E18 4X2', 555),
(1662, '150-E18 6X2 3e', 555),
(1663, '160-E21 4X2', 555),
(1664, '160-E21 6X2 3e', 555),
(1665, '160-E21(Cab.Leito)4X2', 555),
(1666, '170-E21 4X2', 555),
(1667, '170-E21 6X2 3e', 555),
(1668, '230-E22 6X2 3e', 555),
(1669, '230-E24 6X2 3e', 555),
(1670, '260-E25 6X4 3e', 555),
(1671, '450-E32 T 4X2', 556),
(1672, '450-E32 T(C.Leito) 4X2', 556),
(1673, '170-E22 4X2', 557),
(1674, '170-E22 6X2 3e', 557),
(1675, '170-E22(Cab,Leito)4X2', 557),
(1676, '170-E22(Cab.Leito)6X2 3e', 557),
(1677, '170-E25 4X2', 557),
(1678, '230-E22 6X2 3e', 557),
(1679, '230-E24 6X2 3e', 557),
(1680, '240-E25 6X2 3e', 557),
(1681, '260-E25 6X4 3e', 557),
(1682, 'MP 450-E37 4X2', 558),
(1683, 'MP 450-E37(Teto Alto) 4X2', 558),
(1684, 'TZ 740-E42 6X2', 558),
(1685, '380 E-37 H 6X4 3e', 559),
(1686, '720 E-42 HT 6X4 3e', 559),
(1687, 'MP 450-E37 4X2', 559),
(1688, 'HD 380 4X2', 560),
(1689, 'HD 450 S38T 4X2', 560),
(1690, 'HD 450 S42T 4X2', 560),
(1691, 'HD 490-S38T 4X2', 560),
(1692, 'HD 490-S42T 4X2', 560),
(1693, 'HD 570-S38T 6X2 3e', 560),
(1694, 'HD 570-S42T 6X2 3e', 560),
(1695, 'HD 740-S42T 6X4 3e', 560),
(1696, '4X2', 561),
(1697, '6X2 3e', 561),
(1698, '4X2', 562),
(1699, '6X2 3e', 562),
(1700, 'C 4X2', 562),
(1701, 'C 4X2', 563),
(1702, '4X2', 564),
(1703, '6X2 3e', 564),
(1704, '(Atego)4X2', 565),
(1705, '(Atego)6X2 3e', 565),
(1706, '4X2', 566),
(1707, '6X2 3e', 566),
(1708, '4X2', 567),
(1709, '6X2 3e', 567),
(1710, '4X2', 568),
(1711, '6X2 3e', 568),
(1712, '4X2', 569),
(1713, '6X2 3e', 569),
(1714, '(Atego)4X2', 570),
(1715, '(Atego)6X2 3e', 570),
(1716, '4X2', 571),
(1717, '6X2 3e', 571),
(1718, '4X2', 572),
(1719, '6X2 3e', 572),
(1720, '(Atego)4X2', 572),
(1721, '(Atego)6X2 3e', 572),
(1722, 'M 4X2', 572),
(1723, '4X2', 573),
(1724, '6X2 3e', 573),
(1725, '4X2', 574),
(1726, '6X2 3e', 574),
(1727, '4X2', 575),
(1728, '6X2 3e', 575),
(1729, '4X2', 576),
(1730, '(Atego) 4X4', 577),
(1731, '(Atego)6X2 3e', 577),
(1732, '4X2', 578),
(1733, '6X2 3e', 578),
(1734, 'Atego) 6X2 3e', 578),
(1735, '(FlexTruck)4X2', 578),
(1736, '(FlexTruck)6X2 3e', 578),
(1737, '(Atego) 4X2', 579),
(1738, '(FlexTruck)4X2', 579),
(1739, '(Axor)4X2', 580),
(1740, '(Axor)(Cab.leito)4X2', 580),
(1741, '4X2', 581),
(1742, '6X2 3e', 581),
(1743, '4X2', 582),
(1744, '6X2 3e', 582),
(1745, '(Axor)4X2', 583),
(1746, '6X2 3e', 584),
(1747, '(Axor)4X2', 585),
(1748, '(Axor)4X2', 586),
(1749, '6X4 3e', 587),
(1750, '6X4 3e', 588),
(1751, '6X4 3e', 589),
(1752, '(Atego)6X2 3e', 590),
(1753, '(Atego)(Cab.Est.)6X2 3e', 590),
(1754, '6X4 3e', 591),
(1755, '(Atego)6X2 3e', 591),
(1756, '(Axor)6X2 3e', 592),
(1757, '(Axor)6X2 3e', 593),
(1758, '(Axor)6X2 3e', 594),
(1759, '(Axor) 6X4 3e', 595),
(1760, '6X2 3e', 596),
(1761, '(Axor)6X4 3e', 597),
(1762, '(Axor)6X4 3e', 598),
(1763, '6X4 3e', 599),
(1764, '(Axor) 6X4 3e', 600),
(1765, '(Axor) 6X4 3e', 601),
(1766, '(Axor) 6X4 3e', 602),
(1767, '(Axor) 6X4 3e', 603),
(1768, '(Axor) 6X4 3e', 604),
(1769, '(Axor) 6X4 3e', 605),
(1770, '(Axor) 6X4 3e', 606),
(1771, '(Axor) 6X4 3e', 607);
INSERT INTO `vehicle_version` (`vehicle_version_id`, `vehicle_version_name`, `vehicle_model_id`) VALUES
(1772, '(Axor) 6X4 3e', 608),
(1773, '(Actros)8X4 4e', 609),
(1774, '4X2', 610),
(1775, '4X2', 611),
(1776, '4X2', 612),
(1777, '4X2', 613),
(1778, '(Plus)4X2', 613),
(1779, '4X2', 614),
(1780, '(Chassi)AE', 615),
(1781, '(Accelo)4X2', 616),
(1782, '(Accelo) 4X2(VUC)', 616),
(1783, '4X2', 617),
(1784, '4X2', 618),
(1785, '4X2', 619),
(1786, '(Accelo)4X2', 620),
(1787, '(Chassi)AE', 621),
(1788, '4X2', 622),
(1789, '4X2', 623),
(1790, '6X2 3e', 623),
(1791, '4X2', 624),
(1792, '6X2 3e', 624),
(1793, '4X2', 625),
(1794, '6X2 3e', 625),
(1795, '4X2', 626),
(1796, '6X2 3e', 626),
(1797, '4X2', 627),
(1798, '6X2 3e', 627),
(1799, '4X2', 628),
(1800, '6X2 3e', 628),
(1801, '4X2', 629),
(1802, '6X2 3e', 629),
(1803, '4X2', 630),
(1804, '6X2 3e', 630),
(1805, '4X2', 631),
(1806, '6X2 3e', 631),
(1807, '4X2', 632),
(1808, '6X2 3e', 632),
(1809, '4X2', 633),
(1810, '6X2 3e', 633),
(1811, '4X2', 634),
(1812, '6X2 3e', 634),
(1813, '4X2', 635),
(1814, '6X2 3e', 635),
(1815, '4X2', 636),
(1816, '6X2 3e', 636),
(1817, '4X2', 637),
(1818, '6X2 3e', 637),
(1819, '4X2', 638),
(1820, '6X2 3e', 638),
(1821, '4X2', 639),
(1822, '6X2 3e', 639),
(1823, '6X2 3e', 640),
(1824, '4X2', 641),
(1825, '6X2 3e', 641),
(1826, '4X2', 642),
(1827, '6X2 3e', 642),
(1828, '4X2', 643),
(1829, '6X2 3e', 643),
(1830, '4X2', 644),
(1831, '6X2 3e', 644),
(1832, '4X2', 645),
(1833, '6X2 3e', 645),
(1834, '4X2', 646),
(1835, '6X2 3e', 646),
(1836, '4X2', 647),
(1837, '6X2 3e', 647),
(1838, '4X2', 648),
(1839, '6X2 3e', 648),
(1840, '4X2', 649),
(1841, '6X2 3e', 649),
(1842, '4X2', 650),
(1843, '6X2 3e', 650),
(1844, '6X2 3e', 651),
(1845, '6X2 3e', 652),
(1846, '6X2 3e', 653),
(1847, '6X2 3e', 654),
(1848, '6X2 3e', 655),
(1849, '6X2 3e', 656),
(1850, '6X2 3e', 657),
(1851, '6X2 3e', 658),
(1852, '6X2 3e', 659),
(1853, '6X2 3e', 660),
(1854, '6X2 3e', 661),
(1855, '6X2 3e', 662),
(1856, '6X2 3e', 663),
(1857, '6X2 3e', 664),
(1858, '6X2 3e', 665),
(1859, '6X4 3e', 666),
(1860, '4X2', 667),
(1861, '4X2', 668),
(1862, '4X2', 669),
(1863, '4X2', 670),
(1864, '4X2', 671),
(1865, '4X2', 672),
(1866, '4X2', 673),
(1867, '4X2', 674),
(1868, '6X2 3e', 674),
(1869, '4X2', 675),
(1870, '6X2 3e', 675),
(1871, '4X2', 676),
(1872, '4X2', 677),
(1873, '4X2', 678),
(1874, '4X2', 679),
(1875, '4X2', 680),
(1876, '4X2', 681),
(1877, '6X2 3e', 681),
(1878, '4X2', 682),
(1879, '6X2 3e', 682),
(1880, '4X2', 683),
(1881, '6X2 3e', 683),
(1882, '6X4 3e', 684),
(1883, '6X4 3e', 685),
(1884, '6X4 3e', 686),
(1885, '4700 4X2', 687),
(1886, '4700 6X2(3Eixos)', 687),
(1887, '4900 4X2', 687),
(1888, '4900 6X4(3Eixos)', 687),
(1889, '9200 4X2', 687),
(1890, '9200 6X4(3Eixos)', 687),
(1891, '9800 4X2', 687),
(1892, '9800 6X4(3Eixos)', 687),
(1893, 'CB 4X2', 688),
(1894, 'CB TB 4X2', 688),
(1895, 'CD 4X2', 688),
(1896, 'CD TB 4X2', 688),
(1897, '4X2', 689),
(1898, 'CS 4X2', 690),
(1899, 'CD 4X2', 690),
(1900, '6X4 E 320 3e', 691),
(1901, '6X4 EW 320 3e', 691),
(1902, '4X2 H 320', 691),
(1903, '4X2 HS 320', 691),
(1904, '4X2 HW 310', 691),
(1905, '4X2 HW 320', 691),
(1906, '4X2 HW 360', 691),
(1907, '6X4 E 320 3e', 692),
(1908, '6X4 EW 450 3e', 692),
(1909, '4X2 H 450', 692),
(1910, '4X2 HS 450', 692),
(1911, '4X2 HW 450', 692),
(1912, '4X2 MA 320', 692),
(1913, '6X4 E 320 3e', 693),
(1914, '6X4 ES 320 3e', 693),
(1915, '4X2 H 320', 693),
(1916, '6X2 H 320 3e', 693),
(1917, '6X4 EW 320 3e', 693),
(1918, '4X2 HS 320', 693),
(1919, '4X2 HW 310', 693),
(1920, '4X2 HW 320', 693),
(1921, '6X4 E 450 3e', 694),
(1922, '6X4 ES 450 3e', 694),
(1923, '6X4 EW 450 3e', 694),
(1924, '4X2 H 450', 694),
(1925, '4X2 HS 450', 694),
(1926, '4X2 HW 450', 694),
(1927, 'LA 4X2 HZ(Reb.)', 695),
(1928, 'LA 4X2 NA(Reb.)', 695),
(1929, 'LA 6X2 HZ(Reb.) 3e', 695),
(1930, 'LA 6X2 NA(Reb.) 3